02:32:05.356 - FFMPEG found
02:32:05.356 - Python 3.6+ found
02:32:05.400 - Numpy found
02:32:05.421 - OpenCV-Python found
02:32:05.433 - Pillow found
02:32:05.729 - SSIM found
02:32:05.733 - Processing frames from video /sitespeed.io/20251114_212547/pages/scixplorer_org/search/query-81ef4d13/data/video/1.mp4 to /sitespeed.io/20251114_212547/pages/scixplorer_org/search/query-81ef4d13/data/filmstrip/1
02:32:05.733 - ['ffprobe', '/sitespeed.io/20251114_212547/pages/scixplorer_org/search/query-81ef4d13/data/video/1.mp4']
02:32:05.740 - Finding Video Viewport...
02:32:05.740 - Using frame 0
02:32:05.806 - STREAM b'IHDR' 16 13
02:32:05.806 - STREAM b'pHYs' 41 9
02:32:05.806 - STREAM b'IDAT' 62 4096
02:32:05.806 - /sitespeed.io/20251114_212547/pages/scixplorer_org/search/query-81ef4d13/data/filmstrip/1/viewport.png is 1366x708
02:32:05.806 - Finding the viewport for /sitespeed.io/20251114_212547/pages/scixplorer_org/search/query-81ef4d13/data/filmstrip/1/viewport.png
02:32:05.806 - STREAM b'IHDR' 16 13
02:32:05.806 - STREAM b'pHYs' 41 9
02:32:05.807 - STREAM b'IDAT' 62 4096
02:32:05.811 - Viewport left edge is 0
02:32:05.811 - Viewport right edge is 1363
02:32:05.811 - Viewport top edge is 88
02:32:05.811 - Viewport bottom edge is 704
02:32:05.822 - Extracting frames from /sitespeed.io/20251114_212547/pages/scixplorer_org/search/query-81ef4d13/data/video/1.mp4 to /sitespeed.io/20251114_212547/pages/scixplorer_org/search/query-81ef4d13/data/filmstrip/1
02:32:05.825 - ffmpeg -v debug -i /sitespeed.io/20251114_212547/pages/scixplorer_org/search/query-81ef4d13/data/video/1.mp4 -vsync 0 -vf crop=1363:616:0:88,scale=iw*min(400/iw\,400/ih):ih*min(400/iw\,400/ih),mpdecimate=0:64:640:0.001 /sitespeed.io/20251114_212547/pages/scixplorer_org/search/query-81ef4d13/data/filmstrip/1/img-%d.png
02:32:06.030 - Renaming /sitespeed.io/20251114_212547/pages/scixplorer_org/search/query-81ef4d13/data/filmstrip/1/img-1.png to /sitespeed.io/20251114_212547/pages/scixplorer_org/search/query-81ef4d13/data/filmstrip/1/video-000000.png
02:32:06.030 - Renaming /sitespeed.io/20251114_212547/pages/scixplorer_org/search/query-81ef4d13/data/filmstrip/1/img-2.png to /sitespeed.io/20251114_212547/pages/scixplorer_org/search/query-81ef4d13/data/filmstrip/1/video-000900.png
02:32:06.030 - Renaming /sitespeed.io/20251114_212547/pages/scixplorer_org/search/query-81ef4d13/data/filmstrip/1/img-3.png to /sitespeed.io/20251114_212547/pages/scixplorer_org/search/query-81ef4d13/data/filmstrip/1/video-001333.png
02:32:06.030 - Renaming /sitespeed.io/20251114_212547/pages/scixplorer_org/search/query-81ef4d13/data/filmstrip/1/img-4.png to /sitespeed.io/20251114_212547/pages/scixplorer_org/search/query-81ef4d13/data/filmstrip/1/video-001366.png
02:32:06.030 - Renaming /sitespeed.io/20251114_212547/pages/scixplorer_org/search/query-81ef4d13/data/filmstrip/1/img-5.png to /sitespeed.io/20251114_212547/pages/scixplorer_org/search/query-81ef4d13/data/filmstrip/1/video-001400.png
02:32:06.030 - Renaming /sitespeed.io/20251114_212547/pages/scixplorer_org/search/query-81ef4d13/data/filmstrip/1/img-6.png to /sitespeed.io/20251114_212547/pages/scixplorer_org/search/query-81ef4d13/data/filmstrip/1/video-001433.png
02:32:06.031 - Renaming /sitespeed.io/20251114_212547/pages/scixplorer_org/search/query-81ef4d13/data/filmstrip/1/img-7.png to /sitespeed.io/20251114_212547/pages/scixplorer_org/search/query-81ef4d13/data/filmstrip/1/video-001466.png
02:32:06.031 - Renaming /sitespeed.io/20251114_212547/pages/scixplorer_org/search/query-81ef4d13/data/filmstrip/1/img-8.png to /sitespeed.io/20251114_212547/pages/scixplorer_org/search/query-81ef4d13/data/filmstrip/1/video-001500.png
02:32:06.031 - Renaming /sitespeed.io/20251114_212547/pages/scixplorer_org/search/query-81ef4d13/data/filmstrip/1/img-9.png to /sitespeed.io/20251114_212547/pages/scixplorer_org/search/query-81ef4d13/data/filmstrip/1/video-001533.png
02:32:06.031 - Renaming /sitespeed.io/20251114_212547/pages/scixplorer_org/search/query-81ef4d13/data/filmstrip/1/img-10.png to /sitespeed.io/20251114_212547/pages/scixplorer_org/search/query-81ef4d13/data/filmstrip/1/video-001566.png
02:32:06.031 - Renaming /sitespeed.io/20251114_212547/pages/scixplorer_org/search/query-81ef4d13/data/filmstrip/1/img-11.png to /sitespeed.io/20251114_212547/pages/scixplorer_org/search/query-81ef4d13/data/filmstrip/1/video-001633.png
02:32:06.031 - Renaming /sitespeed.io/20251114_212547/pages/scixplorer_org/search/query-81ef4d13/data/filmstrip/1/img-12.png to /sitespeed.io/20251114_212547/pages/scixplorer_org/search/query-81ef4d13/data/filmstrip/1/video-001666.png
02:32:06.031 - Renaming /sitespeed.io/20251114_212547/pages/scixplorer_org/search/query-81ef4d13/data/filmstrip/1/img-13.png to /sitespeed.io/20251114_212547/pages/scixplorer_org/search/query-81ef4d13/data/filmstrip/1/video-001700.png
02:32:06.031 - Renaming /sitespeed.io/20251114_212547/pages/scixplorer_org/search/query-81ef4d13/data/filmstrip/1/img-14.png to /sitespeed.io/20251114_212547/pages/scixplorer_org/search/query-81ef4d13/data/filmstrip/1/video-001733.png
02:32:06.031 - Renaming /sitespeed.io/20251114_212547/pages/scixplorer_org/search/query-81ef4d13/data/filmstrip/1/img-15.png to /sitespeed.io/20251114_212547/pages/scixplorer_org/search/query-81ef4d13/data/filmstrip/1/video-001766.png
02:32:06.031 - Renaming /sitespeed.io/20251114_212547/pages/scixplorer_org/search/query-81ef4d13/data/filmstrip/1/img-16.png to /sitespeed.io/20251114_212547/pages/scixplorer_org/search/query-81ef4d13/data/filmstrip/1/video-001800.png
02:32:06.031 - Renaming /sitespeed.io/20251114_212547/pages/scixplorer_org/search/query-81ef4d13/data/filmstrip/1/img-17.png to /sitespeed.io/20251114_212547/pages/scixplorer_org/search/query-81ef4d13/data/filmstrip/1/video-001833.png
02:32:06.031 - Renaming /sitespeed.io/20251114_212547/pages/scixplorer_org/search/query-81ef4d13/data/filmstrip/1/img-18.png to /sitespeed.io/20251114_212547/pages/scixplorer_org/search/query-81ef4d13/data/filmstrip/1/video-001866.png
02:32:06.031 - Renaming /sitespeed.io/20251114_212547/pages/scixplorer_org/search/query-81ef4d13/data/filmstrip/1/img-19.png to /sitespeed.io/20251114_212547/pages/scixplorer_org/search/query-81ef4d13/data/filmstrip/1/video-001900.png
02:32:06.031 - Renaming /sitespeed.io/20251114_212547/pages/scixplorer_org/search/query-81ef4d13/data/filmstrip/1/img-20.png to /sitespeed.io/20251114_212547/pages/scixplorer_org/search/query-81ef4d13/data/filmstrip/1/video-001933.png
02:32:06.031 - Renaming /sitespeed.io/20251114_212547/pages/scixplorer_org/search/query-81ef4d13/data/filmstrip/1/img-21.png to /sitespeed.io/20251114_212547/pages/scixplorer_org/search/query-81ef4d13/data/filmstrip/1/video-001966.png
02:32:06.031 - Renaming /sitespeed.io/20251114_212547/pages/scixplorer_org/search/query-81ef4d13/data/filmstrip/1/img-22.png to /sitespeed.io/20251114_212547/pages/scixplorer_org/search/query-81ef4d13/data/filmstrip/1/video-002000.png
02:32:06.032 - Renaming /sitespeed.io/20251114_212547/pages/scixplorer_org/search/query-81ef4d13/data/filmstrip/1/img-23.png to /sitespeed.io/20251114_212547/pages/scixplorer_org/search/query-81ef4d13/data/filmstrip/1/video-002033.png
02:32:06.032 - Renaming /sitespeed.io/20251114_212547/pages/scixplorer_org/search/query-81ef4d13/data/filmstrip/1/img-24.png to /sitespeed.io/20251114_212547/pages/scixplorer_org/search/query-81ef4d13/data/filmstrip/1/video-002066.png
02:32:06.032 - Renaming /sitespeed.io/20251114_212547/pages/scixplorer_org/search/query-81ef4d13/data/filmstrip/1/img-25.png to /sitespeed.io/20251114_212547/pages/scixplorer_org/search/query-81ef4d13/data/filmstrip/1/video-002100.png
02:32:06.032 - Renaming /sitespeed.io/20251114_212547/pages/scixplorer_org/search/query-81ef4d13/data/filmstrip/1/img-26.png to /sitespeed.io/20251114_212547/pages/scixplorer_org/search/query-81ef4d13/data/filmstrip/1/video-002133.png
02:32:06.032 - Renaming /sitespeed.io/20251114_212547/pages/scixplorer_org/search/query-81ef4d13/data/filmstrip/1/img-27.png to /sitespeed.io/20251114_212547/pages/scixplorer_org/search/query-81ef4d13/data/filmstrip/1/video-002166.png
02:32:06.032 - Renaming /sitespeed.io/20251114_212547/pages/scixplorer_org/search/query-81ef4d13/data/filmstrip/1/img-28.png to /sitespeed.io/20251114_212547/pages/scixplorer_org/search/query-81ef4d13/data/filmstrip/1/video-002200.png
02:32:06.032 - Renaming /sitespeed.io/20251114_212547/pages/scixplorer_org/search/query-81ef4d13/data/filmstrip/1/img-29.png to /sitespeed.io/20251114_212547/pages/scixplorer_org/search/query-81ef4d13/data/filmstrip/1/video-002233.png
02:32:06.032 - Renaming /sitespeed.io/20251114_212547/pages/scixplorer_org/search/query-81ef4d13/data/filmstrip/1/img-30.png to /sitespeed.io/20251114_212547/pages/scixplorer_org/search/query-81ef4d13/data/filmstrip/1/video-002266.png
02:32:06.032 - Renaming /sitespeed.io/20251114_212547/pages/scixplorer_org/search/query-81ef4d13/data/filmstrip/1/img-31.png to /sitespeed.io/20251114_212547/pages/scixplorer_org/search/query-81ef4d13/data/filmstrip/1/video-002300.png
02:32:06.032 - Renaming /sitespeed.io/20251114_212547/pages/scixplorer_org/search/query-81ef4d13/data/filmstrip/1/img-32.png to /sitespeed.io/20251114_212547/pages/scixplorer_org/search/query-81ef4d13/data/filmstrip/1/video-002333.png
02:32:06.032 - Renaming /sitespeed.io/20251114_212547/pages/scixplorer_org/search/query-81ef4d13/data/filmstrip/1/img-33.png to /sitespeed.io/20251114_212547/pages/scixplorer_org/search/query-81ef4d13/data/filmstrip/1/video-002366.png
02:32:06.032 - Renaming /sitespeed.io/20251114_212547/pages/scixplorer_org/search/query-81ef4d13/data/filmstrip/1/img-34.png to /sitespeed.io/20251114_212547/pages/scixplorer_org/search/query-81ef4d13/data/filmstrip/1/video-002400.png
02:32:06.032 - Renaming /sitespeed.io/20251114_212547/pages/scixplorer_org/search/query-81ef4d13/data/filmstrip/1/img-35.png to /sitespeed.io/20251114_212547/pages/scixplorer_org/search/query-81ef4d13/data/filmstrip/1/video-002433.png
02:32:06.032 - Renaming /sitespeed.io/20251114_212547/pages/scixplorer_org/search/query-81ef4d13/data/filmstrip/1/img-36.png to /sitespeed.io/20251114_212547/pages/scixplorer_org/search/query-81ef4d13/data/filmstrip/1/video-002466.png
02:32:06.032 - Renaming /sitespeed.io/20251114_212547/pages/scixplorer_org/search/query-81ef4d13/data/filmstrip/1/img-37.png to /sitespeed.io/20251114_212547/pages/scixplorer_org/search/query-81ef4d13/data/filmstrip/1/video-002500.png
02:32:06.032 - Renaming /sitespeed.io/20251114_212547/pages/scixplorer_org/search/query-81ef4d13/data/filmstrip/1/img-38.png to /sitespeed.io/20251114_212547/pages/scixplorer_org/search/query-81ef4d13/data/filmstrip/1/video-002533.png
02:32:06.033 - Renaming /sitespeed.io/20251114_212547/pages/scixplorer_org/search/query-81ef4d13/data/filmstrip/1/img-39.png to /sitespeed.io/20251114_212547/pages/scixplorer_org/search/query-81ef4d13/data/filmstrip/1/video-002566.png
02:32:06.033 - Renaming /sitespeed.io/20251114_212547/pages/scixplorer_org/search/query-81ef4d13/data/filmstrip/1/img-40.png to /sitespeed.io/20251114_212547/pages/scixplorer_org/search/query-81ef4d13/data/filmstrip/1/video-002600.png
02:32:06.033 - Renaming /sitespeed.io/20251114_212547/pages/scixplorer_org/search/query-81ef4d13/data/filmstrip/1/img-41.png to /sitespeed.io/20251114_212547/pages/scixplorer_org/search/query-81ef4d13/data/filmstrip/1/video-002633.png
02:32:06.033 - Renaming /sitespeed.io/20251114_212547/pages/scixplorer_org/search/query-81ef4d13/data/filmstrip/1/img-42.png to /sitespeed.io/20251114_212547/pages/scixplorer_org/search/query-81ef4d13/data/filmstrip/1/video-002666.png
02:32:06.033 - Renaming /sitespeed.io/20251114_212547/pages/scixplorer_org/search/query-81ef4d13/data/filmstrip/1/img-43.png to /sitespeed.io/20251114_212547/pages/scixplorer_org/search/query-81ef4d13/data/filmstrip/1/video-002700.png
02:32:06.033 - Renaming /sitespeed.io/20251114_212547/pages/scixplorer_org/search/query-81ef4d13/data/filmstrip/1/img-44.png to /sitespeed.io/20251114_212547/pages/scixplorer_org/search/query-81ef4d13/data/filmstrip/1/video-002733.png
02:32:06.033 - Renaming /sitespeed.io/20251114_212547/pages/scixplorer_org/search/query-81ef4d13/data/filmstrip/1/img-45.png to /sitespeed.io/20251114_212547/pages/scixplorer_org/search/query-81ef4d13/data/filmstrip/1/video-002766.png
02:32:06.033 - Renaming /sitespeed.io/20251114_212547/pages/scixplorer_org/search/query-81ef4d13/data/filmstrip/1/img-46.png to /sitespeed.io/20251114_212547/pages/scixplorer_org/search/query-81ef4d13/data/filmstrip/1/video-002800.png
02:32:06.033 - Renaming /sitespeed.io/20251114_212547/pages/scixplorer_org/search/query-81ef4d13/data/filmstrip/1/img-47.png to /sitespeed.io/20251114_212547/pages/scixplorer_org/search/query-81ef4d13/data/filmstrip/1/video-002833.png
02:32:06.033 - Renaming /sitespeed.io/20251114_212547/pages/scixplorer_org/search/query-81ef4d13/data/filmstrip/1/img-48.png to /sitespeed.io/20251114_212547/pages/scixplorer_org/search/query-81ef4d13/data/filmstrip/1/video-002866.png
02:32:06.033 - Renaming /sitespeed.io/20251114_212547/pages/scixplorer_org/search/query-81ef4d13/data/filmstrip/1/img-49.png to /sitespeed.io/20251114_212547/pages/scixplorer_org/search/query-81ef4d13/data/filmstrip/1/video-002900.png
02:32:06.033 - Renaming /sitespeed.io/20251114_212547/pages/scixplorer_org/search/query-81ef4d13/data/filmstrip/1/img-50.png to /sitespeed.io/20251114_212547/pages/scixplorer_org/search/query-81ef4d13/data/filmstrip/1/video-002933.png
02:32:06.033 - Renaming /sitespeed.io/20251114_212547/pages/scixplorer_org/search/query-81ef4d13/data/filmstrip/1/img-51.png to /sitespeed.io/20251114_212547/pages/scixplorer_org/search/query-81ef4d13/data/filmstrip/1/video-002966.png
02:32:06.033 - Renaming /sitespeed.io/20251114_212547/pages/scixplorer_org/search/query-81ef4d13/data/filmstrip/1/img-52.png to /sitespeed.io/20251114_212547/pages/scixplorer_org/search/query-81ef4d13/data/filmstrip/1/video-003000.png
02:32:06.033 - Renaming /sitespeed.io/20251114_212547/pages/scixplorer_org/search/query-81ef4d13/data/filmstrip/1/img-53.png to /sitespeed.io/20251114_212547/pages/scixplorer_org/search/query-81ef4d13/data/filmstrip/1/video-003033.png
02:32:06.033 - Renaming /sitespeed.io/20251114_212547/pages/scixplorer_org/search/query-81ef4d13/data/filmstrip/1/img-54.png to /sitespeed.io/20251114_212547/pages/scixplorer_org/search/query-81ef4d13/data/filmstrip/1/video-003066.png
02:32:06.034 - Renaming /sitespeed.io/20251114_212547/pages/scixplorer_org/search/query-81ef4d13/data/filmstrip/1/img-55.png to /sitespeed.io/20251114_212547/pages/scixplorer_org/search/query-81ef4d13/data/filmstrip/1/video-003100.png
02:32:06.034 - Renaming /sitespeed.io/20251114_212547/pages/scixplorer_org/search/query-81ef4d13/data/filmstrip/1/img-56.png to /sitespeed.io/20251114_212547/pages/scixplorer_org/search/query-81ef4d13/data/filmstrip/1/video-003133.png
02:32:06.034 - Renaming /sitespeed.io/20251114_212547/pages/scixplorer_org/search/query-81ef4d13/data/filmstrip/1/img-57.png to /sitespeed.io/20251114_212547/pages/scixplorer_org/search/query-81ef4d13/data/filmstrip/1/video-003200.png
02:32:06.034 - Renaming /sitespeed.io/20251114_212547/pages/scixplorer_org/search/query-81ef4d13/data/filmstrip/1/img-58.png to /sitespeed.io/20251114_212547/pages/scixplorer_org/search/query-81ef4d13/data/filmstrip/1/video-003233.png
02:32:06.034 - Renaming /sitespeed.io/20251114_212547/pages/scixplorer_org/search/query-81ef4d13/data/filmstrip/1/img-59.png to /sitespeed.io/20251114_212547/pages/scixplorer_org/search/query-81ef4d13/data/filmstrip/1/video-003266.png
02:32:06.034 - Renaming /sitespeed.io/20251114_212547/pages/scixplorer_org/search/query-81ef4d13/data/filmstrip/1/img-60.png to /sitespeed.io/20251114_212547/pages/scixplorer_org/search/query-81ef4d13/data/filmstrip/1/video-003300.png
02:32:06.034 - Renaming /sitespeed.io/20251114_212547/pages/scixplorer_org/search/query-81ef4d13/data/filmstrip/1/img-61.png to /sitespeed.io/20251114_212547/pages/scixplorer_org/search/query-81ef4d13/data/filmstrip/1/video-003333.png
02:32:06.034 - Renaming /sitespeed.io/20251114_212547/pages/scixplorer_org/search/query-81ef4d13/data/filmstrip/1/img-62.png to /sitespeed.io/20251114_212547/pages/scixplorer_org/search/query-81ef4d13/data/filmstrip/1/video-003366.png
02:32:06.034 - Renaming /sitespeed.io/20251114_212547/pages/scixplorer_org/search/query-81ef4d13/data/filmstrip/1/img-63.png to /sitespeed.io/20251114_212547/pages/scixplorer_org/search/query-81ef4d13/data/filmstrip/1/video-003400.png
02:32:06.034 - Renaming /sitespeed.io/20251114_212547/pages/scixplorer_org/search/query-81ef4d13/data/filmstrip/1/img-64.png to /sitespeed.io/20251114_212547/pages/scixplorer_org/search/query-81ef4d13/data/filmstrip/1/video-003433.png
02:32:06.034 - Renaming /sitespeed.io/20251114_212547/pages/scixplorer_org/search/query-81ef4d13/data/filmstrip/1/img-65.png to /sitespeed.io/20251114_212547/pages/scixplorer_org/search/query-81ef4d13/data/filmstrip/1/video-003466.png
02:32:06.034 - Renaming /sitespeed.io/20251114_212547/pages/scixplorer_org/search/query-81ef4d13/data/filmstrip/1/img-66.png to /sitespeed.io/20251114_212547/pages/scixplorer_org/search/query-81ef4d13/data/filmstrip/1/video-003500.png
02:32:06.034 - Renaming /sitespeed.io/20251114_212547/pages/scixplorer_org/search/query-81ef4d13/data/filmstrip/1/img-67.png to /sitespeed.io/20251114_212547/pages/scixplorer_org/search/query-81ef4d13/data/filmstrip/1/video-003533.png
02:32:06.034 - Renaming /sitespeed.io/20251114_212547/pages/scixplorer_org/search/query-81ef4d13/data/filmstrip/1/img-68.png to /sitespeed.io/20251114_212547/pages/scixplorer_org/search/query-81ef4d13/data/filmstrip/1/video-003566.png
02:32:06.034 - Renaming /sitespeed.io/20251114_212547/pages/scixplorer_org/search/query-81ef4d13/data/filmstrip/1/img-69.png to /sitespeed.io/20251114_212547/pages/scixplorer_org/search/query-81ef4d13/data/filmstrip/1/video-003600.png
02:32:06.035 - Renaming /sitespeed.io/20251114_212547/pages/scixplorer_org/search/query-81ef4d13/data/filmstrip/1/img-70.png to /sitespeed.io/20251114_212547/pages/scixplorer_org/search/query-81ef4d13/data/filmstrip/1/video-003633.png
02:32:06.035 - Renaming /sitespeed.io/20251114_212547/pages/scixplorer_org/search/query-81ef4d13/data/filmstrip/1/img-71.png to /sitespeed.io/20251114_212547/pages/scixplorer_org/search/query-81ef4d13/data/filmstrip/1/video-003666.png
02:32:06.035 - Renaming /sitespeed.io/20251114_212547/pages/scixplorer_org/search/query-81ef4d13/data/filmstrip/1/img-72.png to /sitespeed.io/20251114_212547/pages/scixplorer_org/search/query-81ef4d13/data/filmstrip/1/video-003700.png
02:32:06.035 - Renaming /sitespeed.io/20251114_212547/pages/scixplorer_org/search/query-81ef4d13/data/filmstrip/1/img-73.png to /sitespeed.io/20251114_212547/pages/scixplorer_org/search/query-81ef4d13/data/filmstrip/1/video-003733.png
02:32:06.035 - Renaming /sitespeed.io/20251114_212547/pages/scixplorer_org/search/query-81ef4d13/data/filmstrip/1/img-74.png to /sitespeed.io/20251114_212547/pages/scixplorer_org/search/query-81ef4d13/data/filmstrip/1/video-003766.png
02:32:06.035 - Renaming /sitespeed.io/20251114_212547/pages/scixplorer_org/search/query-81ef4d13/data/filmstrip/1/img-75.png to /sitespeed.io/20251114_212547/pages/scixplorer_org/search/query-81ef4d13/data/filmstrip/1/video-003800.png
02:32:06.035 - Renaming /sitespeed.io/20251114_212547/pages/scixplorer_org/search/query-81ef4d13/data/filmstrip/1/img-76.png to /sitespeed.io/20251114_212547/pages/scixplorer_org/search/query-81ef4d13/data/filmstrip/1/video-003833.png
02:32:06.035 - Renaming /sitespeed.io/20251114_212547/pages/scixplorer_org/search/query-81ef4d13/data/filmstrip/1/img-77.png to /sitespeed.io/20251114_212547/pages/scixplorer_org/search/query-81ef4d13/data/filmstrip/1/video-003866.png
02:32:06.035 - Renaming /sitespeed.io/20251114_212547/pages/scixplorer_org/search/query-81ef4d13/data/filmstrip/1/img-78.png to /sitespeed.io/20251114_212547/pages/scixplorer_org/search/query-81ef4d13/data/filmstrip/1/video-003900.png
02:32:06.035 - Renaming /sitespeed.io/20251114_212547/pages/scixplorer_org/search/query-81ef4d13/data/filmstrip/1/img-79.png to /sitespeed.io/20251114_212547/pages/scixplorer_org/search/query-81ef4d13/data/filmstrip/1/video-003933.png
02:32:06.035 - Renaming /sitespeed.io/20251114_212547/pages/scixplorer_org/search/query-81ef4d13/data/filmstrip/1/img-80.png to /sitespeed.io/20251114_212547/pages/scixplorer_org/search/query-81ef4d13/data/filmstrip/1/video-003966.png
02:32:06.035 - Renaming /sitespeed.io/20251114_212547/pages/scixplorer_org/search/query-81ef4d13/data/filmstrip/1/img-81.png to /sitespeed.io/20251114_212547/pages/scixplorer_org/search/query-81ef4d13/data/filmstrip/1/video-004000.png
02:32:06.035 - Renaming /sitespeed.io/20251114_212547/pages/scixplorer_org/search/query-81ef4d13/data/filmstrip/1/img-82.png to /sitespeed.io/20251114_212547/pages/scixplorer_org/search/query-81ef4d13/data/filmstrip/1/video-004033.png
02:32:06.035 - Renaming /sitespeed.io/20251114_212547/pages/scixplorer_org/search/query-81ef4d13/data/filmstrip/1/img-83.png to /sitespeed.io/20251114_212547/pages/scixplorer_org/search/query-81ef4d13/data/filmstrip/1/video-004066.png
02:32:06.035 - Renaming /sitespeed.io/20251114_212547/pages/scixplorer_org/search/query-81ef4d13/data/filmstrip/1/img-84.png to /sitespeed.io/20251114_212547/pages/scixplorer_org/search/query-81ef4d13/data/filmstrip/1/video-004100.png
02:32:06.035 - Renaming /sitespeed.io/20251114_212547/pages/scixplorer_org/search/query-81ef4d13/data/filmstrip/1/img-85.png to /sitespeed.io/20251114_212547/pages/scixplorer_org/search/query-81ef4d13/data/filmstrip/1/video-004133.png
02:32:06.036 - Renaming /sitespeed.io/20251114_212547/pages/scixplorer_org/search/query-81ef4d13/data/filmstrip/1/img-86.png to /sitespeed.io/20251114_212547/pages/scixplorer_org/search/query-81ef4d13/data/filmstrip/1/video-004166.png
02:32:06.036 - Renaming /sitespeed.io/20251114_212547/pages/scixplorer_org/search/query-81ef4d13/data/filmstrip/1/img-87.png to /sitespeed.io/20251114_212547/pages/scixplorer_org/search/query-81ef4d13/data/filmstrip/1/video-004200.png
02:32:06.036 - Renaming /sitespeed.io/20251114_212547/pages/scixplorer_org/search/query-81ef4d13/data/filmstrip/1/img-88.png to /sitespeed.io/20251114_212547/pages/scixplorer_org/search/query-81ef4d13/data/filmstrip/1/video-004233.png
02:32:06.036 - Renaming /sitespeed.io/20251114_212547/pages/scixplorer_org/search/query-81ef4d13/data/filmstrip/1/img-89.png to /sitespeed.io/20251114_212547/pages/scixplorer_org/search/query-81ef4d13/data/filmstrip/1/video-004266.png
02:32:06.036 - Renaming /sitespeed.io/20251114_212547/pages/scixplorer_org/search/query-81ef4d13/data/filmstrip/1/img-90.png to /sitespeed.io/20251114_212547/pages/scixplorer_org/search/query-81ef4d13/data/filmstrip/1/video-004300.png
02:32:06.036 - Renaming /sitespeed.io/20251114_212547/pages/scixplorer_org/search/query-81ef4d13/data/filmstrip/1/img-91.png to /sitespeed.io/20251114_212547/pages/scixplorer_org/search/query-81ef4d13/data/filmstrip/1/video-004333.png
02:32:06.036 - Renaming /sitespeed.io/20251114_212547/pages/scixplorer_org/search/query-81ef4d13/data/filmstrip/1/img-92.png to /sitespeed.io/20251114_212547/pages/scixplorer_org/search/query-81ef4d13/data/filmstrip/1/video-004366.png
02:32:06.036 - Renaming /sitespeed.io/20251114_212547/pages/scixplorer_org/search/query-81ef4d13/data/filmstrip/1/img-93.png to /sitespeed.io/20251114_212547/pages/scixplorer_org/search/query-81ef4d13/data/filmstrip/1/video-004400.png
02:32:06.036 - Renaming /sitespeed.io/20251114_212547/pages/scixplorer_org/search/query-81ef4d13/data/filmstrip/1/img-94.png to /sitespeed.io/20251114_212547/pages/scixplorer_org/search/query-81ef4d13/data/filmstrip/1/video-004433.png
02:32:06.036 - Renaming /sitespeed.io/20251114_212547/pages/scixplorer_org/search/query-81ef4d13/data/filmstrip/1/img-95.png to /sitespeed.io/20251114_212547/pages/scixplorer_org/search/query-81ef4d13/data/filmstrip/1/video-004466.png
02:32:06.036 - Renaming /sitespeed.io/20251114_212547/pages/scixplorer_org/search/query-81ef4d13/data/filmstrip/1/img-96.png to /sitespeed.io/20251114_212547/pages/scixplorer_org/search/query-81ef4d13/data/filmstrip/1/video-004500.png
02:32:06.036 - Renaming /sitespeed.io/20251114_212547/pages/scixplorer_org/search/query-81ef4d13/data/filmstrip/1/img-97.png to /sitespeed.io/20251114_212547/pages/scixplorer_org/search/query-81ef4d13/data/filmstrip/1/video-004533.png
02:32:06.036 - Renaming /sitespeed.io/20251114_212547/pages/scixplorer_org/search/query-81ef4d13/data/filmstrip/1/img-98.png to /sitespeed.io/20251114_212547/pages/scixplorer_org/search/query-81ef4d13/data/filmstrip/1/video-004566.png
02:32:06.037 - Renaming /sitespeed.io/20251114_212547/pages/scixplorer_org/search/query-81ef4d13/data/filmstrip/1/img-99.png to /sitespeed.io/20251114_212547/pages/scixplorer_org/search/query-81ef4d13/data/filmstrip/1/video-004600.png
02:32:06.037 - Renaming /sitespeed.io/20251114_212547/pages/scixplorer_org/search/query-81ef4d13/data/filmstrip/1/img-100.png to /sitespeed.io/20251114_212547/pages/scixplorer_org/search/query-81ef4d13/data/filmstrip/1/video-004633.png
02:32:06.037 - Renaming /sitespeed.io/20251114_212547/pages/scixplorer_org/search/query-81ef4d13/data/filmstrip/1/img-101.png to /sitespeed.io/20251114_212547/pages/scixplorer_org/search/query-81ef4d13/data/filmstrip/1/video-004666.png
02:32:06.037 - Renaming /sitespeed.io/20251114_212547/pages/scixplorer_org/search/query-81ef4d13/data/filmstrip/1/img-102.png to /sitespeed.io/20251114_212547/pages/scixplorer_org/search/query-81ef4d13/data/filmstrip/1/video-004700.png
02:32:06.037 - Renaming /sitespeed.io/20251114_212547/pages/scixplorer_org/search/query-81ef4d13/data/filmstrip/1/img-103.png to /sitespeed.io/20251114_212547/pages/scixplorer_org/search/query-81ef4d13/data/filmstrip/1/video-004733.png
02:32:06.037 - Renaming /sitespeed.io/20251114_212547/pages/scixplorer_org/search/query-81ef4d13/data/filmstrip/1/img-104.png to /sitespeed.io/20251114_212547/pages/scixplorer_org/search/query-81ef4d13/data/filmstrip/1/video-004766.png
02:32:06.037 - Renaming /sitespeed.io/20251114_212547/pages/scixplorer_org/search/query-81ef4d13/data/filmstrip/1/img-105.png to /sitespeed.io/20251114_212547/pages/scixplorer_org/search/query-81ef4d13/data/filmstrip/1/video-004800.png
02:32:06.037 - Renaming /sitespeed.io/20251114_212547/pages/scixplorer_org/search/query-81ef4d13/data/filmstrip/1/img-106.png to /sitespeed.io/20251114_212547/pages/scixplorer_org/search/query-81ef4d13/data/filmstrip/1/video-004833.png
02:32:06.037 - Renaming /sitespeed.io/20251114_212547/pages/scixplorer_org/search/query-81ef4d13/data/filmstrip/1/img-107.png to /sitespeed.io/20251114_212547/pages/scixplorer_org/search/query-81ef4d13/data/filmstrip/1/video-004866.png
02:32:06.037 - Renaming /sitespeed.io/20251114_212547/pages/scixplorer_org/search/query-81ef4d13/data/filmstrip/1/img-108.png to /sitespeed.io/20251114_212547/pages/scixplorer_org/search/query-81ef4d13/data/filmstrip/1/video-004900.png
02:32:06.037 - Renaming /sitespeed.io/20251114_212547/pages/scixplorer_org/search/query-81ef4d13/data/filmstrip/1/img-109.png to /sitespeed.io/20251114_212547/pages/scixplorer_org/search/query-81ef4d13/data/filmstrip/1/video-004933.png
02:32:06.037 - Renaming /sitespeed.io/20251114_212547/pages/scixplorer_org/search/query-81ef4d13/data/filmstrip/1/img-110.png to /sitespeed.io/20251114_212547/pages/scixplorer_org/search/query-81ef4d13/data/filmstrip/1/video-004966.png
02:32:06.037 - Renaming /sitespeed.io/20251114_212547/pages/scixplorer_org/search/query-81ef4d13/data/filmstrip/1/img-111.png to /sitespeed.io/20251114_212547/pages/scixplorer_org/search/query-81ef4d13/data/filmstrip/1/video-005000.png
02:32:06.037 - Renaming /sitespeed.io/20251114_212547/pages/scixplorer_org/search/query-81ef4d13/data/filmstrip/1/img-112.png to /sitespeed.io/20251114_212547/pages/scixplorer_org/search/query-81ef4d13/data/filmstrip/1/video-005033.png
02:32:06.038 - Renaming /sitespeed.io/20251114_212547/pages/scixplorer_org/search/query-81ef4d13/data/filmstrip/1/img-113.png to /sitespeed.io/20251114_212547/pages/scixplorer_org/search/query-81ef4d13/data/filmstrip/1/video-005066.png
02:32:06.038 - Renaming /sitespeed.io/20251114_212547/pages/scixplorer_org/search/query-81ef4d13/data/filmstrip/1/img-114.png to /sitespeed.io/20251114_212547/pages/scixplorer_org/search/query-81ef4d13/data/filmstrip/1/video-005100.png
02:32:06.038 - Renaming /sitespeed.io/20251114_212547/pages/scixplorer_org/search/query-81ef4d13/data/filmstrip/1/img-115.png to /sitespeed.io/20251114_212547/pages/scixplorer_org/search/query-81ef4d13/data/filmstrip/1/video-005133.png
02:32:06.038 - Renaming /sitespeed.io/20251114_212547/pages/scixplorer_org/search/query-81ef4d13/data/filmstrip/1/img-116.png to /sitespeed.io/20251114_212547/pages/scixplorer_org/search/query-81ef4d13/data/filmstrip/1/video-005166.png
02:32:06.038 - Renaming /sitespeed.io/20251114_212547/pages/scixplorer_org/search/query-81ef4d13/data/filmstrip/1/img-117.png to /sitespeed.io/20251114_212547/pages/scixplorer_org/search/query-81ef4d13/data/filmstrip/1/video-005200.png
02:32:06.038 - Renaming /sitespeed.io/20251114_212547/pages/scixplorer_org/search/query-81ef4d13/data/filmstrip/1/img-118.png to /sitespeed.io/20251114_212547/pages/scixplorer_org/search/query-81ef4d13/data/filmstrip/1/video-005233.png
02:32:06.038 - Renaming /sitespeed.io/20251114_212547/pages/scixplorer_org/search/query-81ef4d13/data/filmstrip/1/img-119.png to /sitespeed.io/20251114_212547/pages/scixplorer_org/search/query-81ef4d13/data/filmstrip/1/video-005266.png
02:32:06.038 - Renaming /sitespeed.io/20251114_212547/pages/scixplorer_org/search/query-81ef4d13/data/filmstrip/1/img-120.png to /sitespeed.io/20251114_212547/pages/scixplorer_org/search/query-81ef4d13/data/filmstrip/1/video-005300.png
02:32:06.038 - Renaming /sitespeed.io/20251114_212547/pages/scixplorer_org/search/query-81ef4d13/data/filmstrip/1/img-121.png to /sitespeed.io/20251114_212547/pages/scixplorer_org/search/query-81ef4d13/data/filmstrip/1/video-005333.png
02:32:06.038 - Renaming /sitespeed.io/20251114_212547/pages/scixplorer_org/search/query-81ef4d13/data/filmstrip/1/img-122.png to /sitespeed.io/20251114_212547/pages/scixplorer_org/search/query-81ef4d13/data/filmstrip/1/video-005366.png
02:32:06.038 - Renaming /sitespeed.io/20251114_212547/pages/scixplorer_org/search/query-81ef4d13/data/filmstrip/1/img-123.png to /sitespeed.io/20251114_212547/pages/scixplorer_org/search/query-81ef4d13/data/filmstrip/1/video-005400.png
02:32:06.038 - Renaming /sitespeed.io/20251114_212547/pages/scixplorer_org/search/query-81ef4d13/data/filmstrip/1/img-124.png to /sitespeed.io/20251114_212547/pages/scixplorer_org/search/query-81ef4d13/data/filmstrip/1/video-005433.png
02:32:06.038 - Renaming /sitespeed.io/20251114_212547/pages/scixplorer_org/search/query-81ef4d13/data/filmstrip/1/img-125.png to /sitespeed.io/20251114_212547/pages/scixplorer_org/search/query-81ef4d13/data/filmstrip/1/video-005466.png
02:32:06.038 - Renaming /sitespeed.io/20251114_212547/pages/scixplorer_org/search/query-81ef4d13/data/filmstrip/1/img-126.png to /sitespeed.io/20251114_212547/pages/scixplorer_org/search/query-81ef4d13/data/filmstrip/1/video-005500.png
02:32:06.038 - Renaming /sitespeed.io/20251114_212547/pages/scixplorer_org/search/query-81ef4d13/data/filmstrip/1/img-127.png to /sitespeed.io/20251114_212547/pages/scixplorer_org/search/query-81ef4d13/data/filmstrip/1/video-005533.png
02:32:06.038 - Renaming /sitespeed.io/20251114_212547/pages/scixplorer_org/search/query-81ef4d13/data/filmstrip/1/img-128.png to /sitespeed.io/20251114_212547/pages/scixplorer_org/search/query-81ef4d13/data/filmstrip/1/video-005566.png
02:32:06.038 - Renaming /sitespeed.io/20251114_212547/pages/scixplorer_org/search/query-81ef4d13/data/filmstrip/1/img-129.png to /sitespeed.io/20251114_212547/pages/scixplorer_org/search/query-81ef4d13/data/filmstrip/1/video-005600.png
02:32:06.039 - Renaming /sitespeed.io/20251114_212547/pages/scixplorer_org/search/query-81ef4d13/data/filmstrip/1/img-130.png to /sitespeed.io/20251114_212547/pages/scixplorer_org/search/query-81ef4d13/data/filmstrip/1/video-005633.png
02:32:06.039 - Renaming /sitespeed.io/20251114_212547/pages/scixplorer_org/search/query-81ef4d13/data/filmstrip/1/img-131.png to /sitespeed.io/20251114_212547/pages/scixplorer_org/search/query-81ef4d13/data/filmstrip/1/video-005666.png
02:32:06.039 - Renaming /sitespeed.io/20251114_212547/pages/scixplorer_org/search/query-81ef4d13/data/filmstrip/1/img-132.png to /sitespeed.io/20251114_212547/pages/scixplorer_org/search/query-81ef4d13/data/filmstrip/1/video-005700.png
02:32:06.039 - Renaming /sitespeed.io/20251114_212547/pages/scixplorer_org/search/query-81ef4d13/data/filmstrip/1/img-133.png to /sitespeed.io/20251114_212547/pages/scixplorer_org/search/query-81ef4d13/data/filmstrip/1/video-005733.png
02:32:06.039 - Renaming /sitespeed.io/20251114_212547/pages/scixplorer_org/search/query-81ef4d13/data/filmstrip/1/img-134.png to /sitespeed.io/20251114_212547/pages/scixplorer_org/search/query-81ef4d13/data/filmstrip/1/video-005766.png
02:32:06.039 - Renaming /sitespeed.io/20251114_212547/pages/scixplorer_org/search/query-81ef4d13/data/filmstrip/1/img-135.png to /sitespeed.io/20251114_212547/pages/scixplorer_org/search/query-81ef4d13/data/filmstrip/1/video-005800.png
02:32:06.039 - Renaming /sitespeed.io/20251114_212547/pages/scixplorer_org/search/query-81ef4d13/data/filmstrip/1/img-136.png to /sitespeed.io/20251114_212547/pages/scixplorer_org/search/query-81ef4d13/data/filmstrip/1/video-005833.png
02:32:06.039 - Renaming /sitespeed.io/20251114_212547/pages/scixplorer_org/search/query-81ef4d13/data/filmstrip/1/img-137.png to /sitespeed.io/20251114_212547/pages/scixplorer_org/search/query-81ef4d13/data/filmstrip/1/video-005866.png
02:32:06.039 - Renaming /sitespeed.io/20251114_212547/pages/scixplorer_org/search/query-81ef4d13/data/filmstrip/1/img-138.png to /sitespeed.io/20251114_212547/pages/scixplorer_org/search/query-81ef4d13/data/filmstrip/1/video-005900.png
02:32:06.039 - Renaming /sitespeed.io/20251114_212547/pages/scixplorer_org/search/query-81ef4d13/data/filmstrip/1/img-139.png to /sitespeed.io/20251114_212547/pages/scixplorer_org/search/query-81ef4d13/data/filmstrip/1/video-005933.png
02:32:06.039 - Renaming /sitespeed.io/20251114_212547/pages/scixplorer_org/search/query-81ef4d13/data/filmstrip/1/img-140.png to /sitespeed.io/20251114_212547/pages/scixplorer_org/search/query-81ef4d13/data/filmstrip/1/video-005966.png
02:32:06.039 - Renaming /sitespeed.io/20251114_212547/pages/scixplorer_org/search/query-81ef4d13/data/filmstrip/1/img-141.png to /sitespeed.io/20251114_212547/pages/scixplorer_org/search/query-81ef4d13/data/filmstrip/1/video-006133.png
02:32:06.039 - Renaming /sitespeed.io/20251114_212547/pages/scixplorer_org/search/query-81ef4d13/data/filmstrip/1/img-142.png to /sitespeed.io/20251114_212547/pages/scixplorer_org/search/query-81ef4d13/data/filmstrip/1/video-006733.png
02:32:06.039 - Renaming /sitespeed.io/20251114_212547/pages/scixplorer_org/search/query-81ef4d13/data/filmstrip/1/img-143.png to /sitespeed.io/20251114_212547/pages/scixplorer_org/search/query-81ef4d13/data/filmstrip/1/video-007333.png
02:32:06.039 - Renaming /sitespeed.io/20251114_212547/pages/scixplorer_org/search/query-81ef4d13/data/filmstrip/1/img-144.png to /sitespeed.io/20251114_212547/pages/scixplorer_org/search/query-81ef4d13/data/filmstrip/1/video-007933.png
02:32:06.040 - Renaming /sitespeed.io/20251114_212547/pages/scixplorer_org/search/query-81ef4d13/data/filmstrip/1/img-145.png to /sitespeed.io/20251114_212547/pages/scixplorer_org/search/query-81ef4d13/data/filmstrip/1/video-008333.png
02:32:06.040 - Renaming /sitespeed.io/20251114_212547/pages/scixplorer_org/search/query-81ef4d13/data/filmstrip/1/img-146.png to /sitespeed.io/20251114_212547/pages/scixplorer_org/search/query-81ef4d13/data/filmstrip/1/video-008366.png
02:32:06.040 - Renaming /sitespeed.io/20251114_212547/pages/scixplorer_org/search/query-81ef4d13/data/filmstrip/1/img-147.png to /sitespeed.io/20251114_212547/pages/scixplorer_org/search/query-81ef4d13/data/filmstrip/1/video-008500.png
02:32:06.040 - Renaming /sitespeed.io/20251114_212547/pages/scixplorer_org/search/query-81ef4d13/data/filmstrip/1/img-148.png to /sitespeed.io/20251114_212547/pages/scixplorer_org/search/query-81ef4d13/data/filmstrip/1/video-008533.png
02:32:06.040 - Renaming /sitespeed.io/20251114_212547/pages/scixplorer_org/search/query-81ef4d13/data/filmstrip/1/img-149.png to /sitespeed.io/20251114_212547/pages/scixplorer_org/search/query-81ef4d13/data/filmstrip/1/video-009133.png
02:32:06.040 - Scanning for non-orange frames...
02:32:06.041 - STREAM b'IHDR' 16 13
02:32:06.041 - STREAM b'pHYs' 41 9
02:32:06.041 - STREAM b'IDAT' 62 658
02:32:06.041 - STREAM b'IHDR' 16 13
02:32:06.041 - STREAM b'pHYs' 41 9
02:32:06.041 - STREAM b'IDAT' 62 658
02:32:06.042 - STREAM b'IHDR' 16 13
02:32:06.042 - STREAM b'IDAT' 41 535
02:32:06.044 - Scanning for orange frames...
02:32:06.044 - Removing Orange frame: /sitespeed.io/20251114_212547/pages/scixplorer_org/search/query-81ef4d13/data/filmstrip/1/video-000000.png
02:32:06.044 - STREAM b'IHDR' 16 13
02:32:06.044 - STREAM b'pHYs' 41 9
02:32:06.044 - STREAM b'IDAT' 62 634
02:32:06.044 - STREAM b'IHDR' 16 13
02:32:06.044 - STREAM b'pHYs' 41 9
02:32:06.044 - STREAM b'IDAT' 62 634
02:32:06.045 - STREAM b'IHDR' 16 13
02:32:06.045 - STREAM b'IDAT' 41 535
02:32:06.046 - STREAM b'IHDR' 16 13
02:32:06.046 - STREAM b'pHYs' 41 9
02:32:06.046 - STREAM b'IDAT' 62 634
02:32:06.047 - STREAM b'IHDR' 16 13
02:32:06.047 - STREAM b'IDAT' 41 535
02:32:06.048 - STREAM b'IHDR' 16 13
02:32:06.048 - STREAM b'pHYs' 41 9
02:32:06.048 - STREAM b'IDAT' 62 634
02:32:06.049 - STREAM b'IHDR' 16 13
02:32:06.049 - STREAM b'IDAT' 41 535
02:32:06.049 - STREAM b'IHDR' 16 13
02:32:06.050 - STREAM b'pHYs' 41 9
02:32:06.050 - STREAM b'IDAT' 62 4096
02:32:06.050 - STREAM b'IHDR' 16 13
02:32:06.050 - STREAM b'pHYs' 41 9
02:32:06.050 - STREAM b'IDAT' 62 4096
02:32:06.051 - STREAM b'IHDR' 16 13
02:32:06.051 - STREAM b'IDAT' 41 535
02:32:06.051 - STREAM b'IHDR' 16 13
02:32:06.051 - STREAM b'pHYs' 41 9
02:32:06.052 - STREAM b'IDAT' 62 4096
02:32:06.052 - STREAM b'IHDR' 16 13
02:32:06.053 - STREAM b'IDAT' 41 535
02:32:06.053 - STREAM b'IHDR' 16 13
02:32:06.053 - STREAM b'pHYs' 41 9
02:32:06.053 - STREAM b'IDAT' 62 4096
02:32:06.054 - STREAM b'IHDR' 16 13
02:32:06.055 - STREAM b'IDAT' 41 535
02:32:06.055 - Finding Render Start...
02:32:06.056 - STREAM b'IHDR' 16 13
02:32:06.056 - STREAM b'pHYs' 41 9
02:32:06.056 - STREAM b'IDAT' 62 634
02:32:06.056 - STREAM b'IHDR' 16 13
02:32:06.056 - STREAM b'pHYs' 41 9
02:32:06.056 - STREAM b'IDAT' 62 634
02:32:06.056 - STREAM b'IHDR' 16 13
02:32:06.056 - STREAM b'pHYs' 41 9
02:32:06.056 - STREAM b'IDAT' 62 4096
02:32:06.060 - STREAM b'IHDR' 16 13
02:32:06.060 - STREAM b'pHYs' 41 9
02:32:06.060 - STREAM b'IDAT' 62 4096
02:32:06.060 - STREAM b'IHDR' 16 13
02:32:06.060 - STREAM b'pHYs' 41 9
02:32:06.060 - STREAM b'IDAT' 62 4096
02:32:06.061 - STREAM b'IHDR' 16 13
02:32:06.061 - STREAM b'IDAT' 41 535
02:32:06.062 - STREAM b'IHDR' 16 13
02:32:06.062 - STREAM b'pHYs' 41 9
02:32:06.062 - STREAM b'IDAT' 62 4096
02:32:06.063 - STREAM b'IHDR' 16 13
02:32:06.063 - STREAM b'IDAT' 41 535
02:32:06.063 - STREAM b'IHDR' 16 13
02:32:06.063 - STREAM b'pHYs' 41 9
02:32:06.064 - STREAM b'IDAT' 62 4096
02:32:06.064 - STREAM b'IHDR' 16 13
02:32:06.064 - STREAM b'IDAT' 41 535
02:32:06.069 - Eliminating Duplicate Frames...
02:32:06.070 - STREAM b'IHDR' 16 13
02:32:06.070 - STREAM b'pHYs' 41 9
02:32:06.070 - STREAM b'IDAT' 62 634
02:32:06.070 - Viewport cropping set to (W, H, L, T): (400, 170, 0, 0)
02:32:06.070 - STREAM b'IHDR' 16 13
02:32:06.070 - STREAM b'pHYs' 41 9
02:32:06.070 - STREAM b'IDAT' 62 634
02:32:06.070 - STREAM b'IHDR' 16 13
02:32:06.070 - STREAM b'pHYs' 41 9
02:32:06.070 - STREAM b'IDAT' 62 4096
02:32:06.073 - STREAM b'IHDR' 16 13
02:32:06.073 - STREAM b'pHYs' 41 9
02:32:06.073 - STREAM b'IDAT' 62 4096
02:32:06.073 - STREAM b'IHDR' 16 13
02:32:06.074 - STREAM b'pHYs' 41 9
02:32:06.074 - STREAM b'IDAT' 62 4096
02:32:06.077 - STREAM b'IHDR' 16 13
02:32:06.077 - STREAM b'pHYs' 41 9
02:32:06.077 - STREAM b'IDAT' 62 4096
02:32:06.077 - STREAM b'IHDR' 16 13
02:32:06.077 - STREAM b'pHYs' 41 9
02:32:06.077 - STREAM b'IDAT' 62 4096
02:32:06.081 - Removing duplicate frame /sitespeed.io/20251114_212547/pages/scixplorer_org/search/query-81ef4d13/data/filmstrip/1/ms_007633.png from the end
02:32:06.081 - STREAM b'IHDR' 16 13
02:32:06.081 - STREAM b'pHYs' 41 9
02:32:06.081 - STREAM b'IDAT' 62 4096
02:32:06.081 - STREAM b'IHDR' 16 13
02:32:06.081 - STREAM b'pHYs' 41 9
02:32:06.081 - STREAM b'IDAT' 62 4096
02:32:06.084 - Removing duplicate frame /sitespeed.io/20251114_212547/pages/scixplorer_org/search/query-81ef4d13/data/filmstrip/1/ms_007600.png from the end
02:32:06.084 - STREAM b'IHDR' 16 13
02:32:06.084 - STREAM b'pHYs' 41 9
02:32:06.084 - STREAM b'IDAT' 62 4096
02:32:06.084 - STREAM b'IHDR' 16 13
02:32:06.084 - STREAM b'pHYs' 41 9
02:32:06.084 - STREAM b'IDAT' 62 4096
02:32:06.088 - Removing duplicate frame /sitespeed.io/20251114_212547/pages/scixplorer_org/search/query-81ef4d13/data/filmstrip/1/ms_007466.png from the end
02:32:06.088 - STREAM b'IHDR' 16 13
02:32:06.088 - STREAM b'pHYs' 41 9
02:32:06.088 - STREAM b'IDAT' 62 4096
02:32:06.088 - STREAM b'IHDR' 16 13
02:32:06.088 - STREAM b'pHYs' 41 9
02:32:06.088 - STREAM b'IDAT' 62 4096
02:32:06.091 - Removing duplicate frame /sitespeed.io/20251114_212547/pages/scixplorer_org/search/query-81ef4d13/data/filmstrip/1/ms_007433.png from the end
02:32:06.091 - STREAM b'IHDR' 16 13
02:32:06.091 - STREAM b'pHYs' 41 9
02:32:06.091 - STREAM b'IDAT' 62 4096
02:32:06.091 - STREAM b'IHDR' 16 13
02:32:06.091 - STREAM b'pHYs' 41 9
02:32:06.091 - STREAM b'IDAT' 62 4096
02:32:06.096 - Removing duplicate frame /sitespeed.io/20251114_212547/pages/scixplorer_org/search/query-81ef4d13/data/filmstrip/1/ms_007033.png from the end
02:32:06.097 - STREAM b'IHDR' 16 13
02:32:06.097 - STREAM b'pHYs' 41 9
02:32:06.097 - STREAM b'IDAT' 62 4096
02:32:06.097 - STREAM b'IHDR' 16 13
02:32:06.097 - STREAM b'pHYs' 41 9
02:32:06.097 - STREAM b'IDAT' 62 4096
02:32:06.101 - Removing duplicate frame /sitespeed.io/20251114_212547/pages/scixplorer_org/search/query-81ef4d13/data/filmstrip/1/ms_006433.png from the end
02:32:06.101 - STREAM b'IHDR' 16 13
02:32:06.101 - STREAM b'pHYs' 41 9
02:32:06.101 - STREAM b'IDAT' 62 4096
02:32:06.101 - STREAM b'IHDR' 16 13
02:32:06.101 - STREAM b'pHYs' 41 9
02:32:06.101 - STREAM b'IDAT' 62 4096
02:32:06.105 - Removing duplicate frame /sitespeed.io/20251114_212547/pages/scixplorer_org/search/query-81ef4d13/data/filmstrip/1/ms_005833.png from the end
02:32:06.105 - STREAM b'IHDR' 16 13
02:32:06.105 - STREAM b'pHYs' 41 9
02:32:06.105 - STREAM b'IDAT' 62 4096
02:32:06.105 - STREAM b'IHDR' 16 13
02:32:06.105 - STREAM b'pHYs' 41 9
02:32:06.105 - STREAM b'IDAT' 62 4096
02:32:06.109 - Removing duplicate frame /sitespeed.io/20251114_212547/pages/scixplorer_org/search/query-81ef4d13/data/filmstrip/1/ms_005233.png from the end
02:32:06.109 - STREAM b'IHDR' 16 13
02:32:06.109 - STREAM b'pHYs' 41 9
02:32:06.109 - STREAM b'IDAT' 62 4096
02:32:06.109 - STREAM b'IHDR' 16 13
02:32:06.109 - STREAM b'pHYs' 41 9
02:32:06.109 - STREAM b'IDAT' 62 4096
02:32:06.113 - Removing duplicate frame /sitespeed.io/20251114_212547/pages/scixplorer_org/search/query-81ef4d13/data/filmstrip/1/ms_005066.png from the end
02:32:06.113 - STREAM b'IHDR' 16 13
02:32:06.113 - STREAM b'pHYs' 41 9
02:32:06.113 - STREAM b'IDAT' 62 4096
02:32:06.113 - STREAM b'IHDR' 16 13
02:32:06.113 - STREAM b'pHYs' 41 9
02:32:06.113 - STREAM b'IDAT' 62 4096
02:32:06.117 - Removing duplicate frame /sitespeed.io/20251114_212547/pages/scixplorer_org/search/query-81ef4d13/data/filmstrip/1/ms_008233.png from the end
02:32:06.128 - Calculating image histograms
02:32:06.129 - Calculating histogram for /sitespeed.io/20251114_212547/pages/scixplorer_org/search/query-81ef4d13/data/filmstrip/1/ms_000000.png
02:32:06.129 - STREAM b'IHDR' 16 13
02:32:06.129 - STREAM b'pHYs' 41 9
02:32:06.129 - STREAM b'IDAT' 62 634
02:32:06.136 - Calculating histogram for /sitespeed.io/20251114_212547/pages/scixplorer_org/search/query-81ef4d13/data/filmstrip/1/ms_000433.png
02:32:06.136 - STREAM b'IHDR' 16 13
02:32:06.136 - STREAM b'pHYs' 41 9
02:32:06.136 - STREAM b'IDAT' 62 4096
02:32:06.142 - Calculating histogram for /sitespeed.io/20251114_212547/pages/scixplorer_org/search/query-81ef4d13/data/filmstrip/1/ms_000466.png
02:32:06.142 - STREAM b'IHDR' 16 13
02:32:06.142 - STREAM b'pHYs' 41 9
02:32:06.142 - STREAM b'IDAT' 62 4096
02:32:06.148 - Calculating histogram for /sitespeed.io/20251114_212547/pages/scixplorer_org/search/query-81ef4d13/data/filmstrip/1/ms_000500.png
02:32:06.148 - STREAM b'IHDR' 16 13
02:32:06.148 - STREAM b'pHYs' 41 9
02:32:06.148 - STREAM b'IDAT' 62 4096
02:32:06.153 - Calculating histogram for /sitespeed.io/20251114_212547/pages/scixplorer_org/search/query-81ef4d13/data/filmstrip/1/ms_000533.png
02:32:06.153 - STREAM b'IHDR' 16 13
02:32:06.153 - STREAM b'pHYs' 41 9
02:32:06.153 - STREAM b'IDAT' 62 4096
02:32:06.158 - Calculating histogram for /sitespeed.io/20251114_212547/pages/scixplorer_org/search/query-81ef4d13/data/filmstrip/1/ms_000566.png
02:32:06.158 - STREAM b'IHDR' 16 13
02:32:06.158 - STREAM b'pHYs' 41 9
02:32:06.158 - STREAM b'IDAT' 62 4096
02:32:06.164 - Calculating histogram for /sitespeed.io/20251114_212547/pages/scixplorer_org/search/query-81ef4d13/data/filmstrip/1/ms_000600.png
02:32:06.164 - STREAM b'IHDR' 16 13
02:32:06.164 - STREAM b'pHYs' 41 9
02:32:06.164 - STREAM b'IDAT' 62 4096
02:32:06.169 - Calculating histogram for /sitespeed.io/20251114_212547/pages/scixplorer_org/search/query-81ef4d13/data/filmstrip/1/ms_000633.png
02:32:06.169 - STREAM b'IHDR' 16 13
02:32:06.169 - STREAM b'pHYs' 41 9
02:32:06.169 - STREAM b'IDAT' 62 4096
02:32:06.174 - Calculating histogram for /sitespeed.io/20251114_212547/pages/scixplorer_org/search/query-81ef4d13/data/filmstrip/1/ms_000666.png
02:32:06.174 - STREAM b'IHDR' 16 13
02:32:06.174 - STREAM b'pHYs' 41 9
02:32:06.174 - STREAM b'IDAT' 62 4096
02:32:06.180 - Calculating histogram for /sitespeed.io/20251114_212547/pages/scixplorer_org/search/query-81ef4d13/data/filmstrip/1/ms_000733.png
02:32:06.180 - STREAM b'IHDR' 16 13
02:32:06.180 - STREAM b'pHYs' 41 9
02:32:06.180 - STREAM b'IDAT' 62 4096
02:32:06.185 - Calculating histogram for /sitespeed.io/20251114_212547/pages/scixplorer_org/search/query-81ef4d13/data/filmstrip/1/ms_000766.png
02:32:06.186 - STREAM b'IHDR' 16 13
02:32:06.186 - STREAM b'pHYs' 41 9
02:32:06.186 - STREAM b'IDAT' 62 4096
02:32:06.191 - Calculating histogram for /sitespeed.io/20251114_212547/pages/scixplorer_org/search/query-81ef4d13/data/filmstrip/1/ms_000800.png
02:32:06.191 - STREAM b'IHDR' 16 13
02:32:06.191 - STREAM b'pHYs' 41 9
02:32:06.191 - STREAM b'IDAT' 62 4096
02:32:06.196 - Calculating histogram for /sitespeed.io/20251114_212547/pages/scixplorer_org/search/query-81ef4d13/data/filmstrip/1/ms_000833.png
02:32:06.196 - STREAM b'IHDR' 16 13
02:32:06.196 - STREAM b'pHYs' 41 9
02:32:06.196 - STREAM b'IDAT' 62 4096
02:32:06.202 - Calculating histogram for /sitespeed.io/20251114_212547/pages/scixplorer_org/search/query-81ef4d13/data/filmstrip/1/ms_000866.png
02:32:06.202 - STREAM b'IHDR' 16 13
02:32:06.202 - STREAM b'pHYs' 41 9
02:32:06.202 - STREAM b'IDAT' 62 4096
02:32:06.207 - Calculating histogram for /sitespeed.io/20251114_212547/pages/scixplorer_org/search/query-81ef4d13/data/filmstrip/1/ms_000900.png
02:32:06.207 - STREAM b'IHDR' 16 13
02:32:06.207 - STREAM b'pHYs' 41 9
02:32:06.207 - STREAM b'IDAT' 62 4096
02:32:06.213 - Calculating histogram for /sitespeed.io/20251114_212547/pages/scixplorer_org/search/query-81ef4d13/data/filmstrip/1/ms_000933.png
02:32:06.213 - STREAM b'IHDR' 16 13
02:32:06.213 - STREAM b'pHYs' 41 9
02:32:06.213 - STREAM b'IDAT' 62 4096
02:32:06.218 - Calculating histogram for /sitespeed.io/20251114_212547/pages/scixplorer_org/search/query-81ef4d13/data/filmstrip/1/ms_000966.png
02:32:06.218 - STREAM b'IHDR' 16 13
02:32:06.218 - STREAM b'pHYs' 41 9
02:32:06.218 - STREAM b'IDAT' 62 4096
02:32:06.223 - Calculating histogram for /sitespeed.io/20251114_212547/pages/scixplorer_org/search/query-81ef4d13/data/filmstrip/1/ms_001000.png
02:32:06.224 - STREAM b'IHDR' 16 13
02:32:06.224 - STREAM b'pHYs' 41 9
02:32:06.224 - STREAM b'IDAT' 62 4096
02:32:06.229 - Calculating histogram for /sitespeed.io/20251114_212547/pages/scixplorer_org/search/query-81ef4d13/data/filmstrip/1/ms_001033.png
02:32:06.229 - STREAM b'IHDR' 16 13
02:32:06.229 - STREAM b'pHYs' 41 9
02:32:06.229 - STREAM b'IDAT' 62 4096
02:32:06.234 - Calculating histogram for /sitespeed.io/20251114_212547/pages/scixplorer_org/search/query-81ef4d13/data/filmstrip/1/ms_001066.png
02:32:06.234 - STREAM b'IHDR' 16 13
02:32:06.234 - STREAM b'pHYs' 41 9
02:32:06.234 - STREAM b'IDAT' 62 4096
02:32:06.239 - Calculating histogram for /sitespeed.io/20251114_212547/pages/scixplorer_org/search/query-81ef4d13/data/filmstrip/1/ms_001100.png
02:32:06.239 - STREAM b'IHDR' 16 13
02:32:06.239 - STREAM b'pHYs' 41 9
02:32:06.239 - STREAM b'IDAT' 62 4096
02:32:06.245 - Calculating histogram for /sitespeed.io/20251114_212547/pages/scixplorer_org/search/query-81ef4d13/data/filmstrip/1/ms_001133.png
02:32:06.245 - STREAM b'IHDR' 16 13
02:32:06.245 - STREAM b'pHYs' 41 9
02:32:06.245 - STREAM b'IDAT' 62 4096
02:32:06.250 - Calculating histogram for /sitespeed.io/20251114_212547/pages/scixplorer_org/search/query-81ef4d13/data/filmstrip/1/ms_001166.png
02:32:06.250 - STREAM b'IHDR' 16 13
02:32:06.250 - STREAM b'pHYs' 41 9
02:32:06.250 - STREAM b'IDAT' 62 4096
02:32:06.258 - Calculating histogram for /sitespeed.io/20251114_212547/pages/scixplorer_org/search/query-81ef4d13/data/filmstrip/1/ms_001200.png
02:32:06.258 - STREAM b'IHDR' 16 13
02:32:06.258 - STREAM b'pHYs' 41 9
02:32:06.258 - STREAM b'IDAT' 62 4096
02:32:06.267 - Calculating histogram for /sitespeed.io/20251114_212547/pages/scixplorer_org/search/query-81ef4d13/data/filmstrip/1/ms_001233.png
02:32:06.267 - STREAM b'IHDR' 16 13
02:32:06.267 - STREAM b'pHYs' 41 9
02:32:06.267 - STREAM b'IDAT' 62 4096
02:32:06.275 - Calculating histogram for /sitespeed.io/20251114_212547/pages/scixplorer_org/search/query-81ef4d13/data/filmstrip/1/ms_001266.png
02:32:06.275 - STREAM b'IHDR' 16 13
02:32:06.275 - STREAM b'pHYs' 41 9
02:32:06.275 - STREAM b'IDAT' 62 4096
02:32:06.283 - Calculating histogram for /sitespeed.io/20251114_212547/pages/scixplorer_org/search/query-81ef4d13/data/filmstrip/1/ms_001300.png
02:32:06.283 - STREAM b'IHDR' 16 13
02:32:06.283 - STREAM b'pHYs' 41 9
02:32:06.283 - STREAM b'IDAT' 62 4096
02:32:06.291 - Calculating histogram for /sitespeed.io/20251114_212547/pages/scixplorer_org/search/query-81ef4d13/data/filmstrip/1/ms_001333.png
02:32:06.291 - STREAM b'IHDR' 16 13
02:32:06.291 - STREAM b'pHYs' 41 9
02:32:06.291 - STREAM b'IDAT' 62 4096
02:32:06.297 - Calculating histogram for /sitespeed.io/20251114_212547/pages/scixplorer_org/search/query-81ef4d13/data/filmstrip/1/ms_001366.png
02:32:06.297 - STREAM b'IHDR' 16 13
02:32:06.297 - STREAM b'pHYs' 41 9
02:32:06.297 - STREAM b'IDAT' 62 4096
02:32:06.304 - Calculating histogram for /sitespeed.io/20251114_212547/pages/scixplorer_org/search/query-81ef4d13/data/filmstrip/1/ms_001400.png
02:32:06.304 - STREAM b'IHDR' 16 13
02:32:06.304 - STREAM b'pHYs' 41 9
02:32:06.304 - STREAM b'IDAT' 62 4096
02:32:06.309 - Calculating histogram for /sitespeed.io/20251114_212547/pages/scixplorer_org/search/query-81ef4d13/data/filmstrip/1/ms_001433.png
02:32:06.310 - STREAM b'IHDR' 16 13
02:32:06.310 - STREAM b'pHYs' 41 9
02:32:06.310 - STREAM b'IDAT' 62 4096
02:32:06.316 - Calculating histogram for /sitespeed.io/20251114_212547/pages/scixplorer_org/search/query-81ef4d13/data/filmstrip/1/ms_001466.png
02:32:06.316 - STREAM b'IHDR' 16 13
02:32:06.316 - STREAM b'pHYs' 41 9
02:32:06.316 - STREAM b'IDAT' 62 4096
02:32:06.321 - Calculating histogram for /sitespeed.io/20251114_212547/pages/scixplorer_org/search/query-81ef4d13/data/filmstrip/1/ms_001500.png
02:32:06.322 - STREAM b'IHDR' 16 13
02:32:06.322 - STREAM b'pHYs' 41 9
02:32:06.322 - STREAM b'IDAT' 62 4096
02:32:06.327 - Calculating histogram for /sitespeed.io/20251114_212547/pages/scixplorer_org/search/query-81ef4d13/data/filmstrip/1/ms_001533.png
02:32:06.327 - STREAM b'IHDR' 16 13
02:32:06.327 - STREAM b'pHYs' 41 9
02:32:06.327 - STREAM b'IDAT' 62 4096
02:32:06.333 - Calculating histogram for /sitespeed.io/20251114_212547/pages/scixplorer_org/search/query-81ef4d13/data/filmstrip/1/ms_001566.png
02:32:06.333 - STREAM b'IHDR' 16 13
02:32:06.333 - STREAM b'pHYs' 41 9
02:32:06.333 - STREAM b'IDAT' 62 4096
02:32:06.338 - Calculating histogram for /sitespeed.io/20251114_212547/pages/scixplorer_org/search/query-81ef4d13/data/filmstrip/1/ms_001600.png
02:32:06.338 - STREAM b'IHDR' 16 13
02:32:06.338 - STREAM b'pHYs' 41 9
02:32:06.338 - STREAM b'IDAT' 62 4096
02:32:06.345 - Calculating histogram for /sitespeed.io/20251114_212547/pages/scixplorer_org/search/query-81ef4d13/data/filmstrip/1/ms_001633.png
02:32:06.345 - STREAM b'IHDR' 16 13
02:32:06.345 - STREAM b'pHYs' 41 9
02:32:06.345 - STREAM b'IDAT' 62 4096
02:32:06.351 - Calculating histogram for /sitespeed.io/20251114_212547/pages/scixplorer_org/search/query-81ef4d13/data/filmstrip/1/ms_001666.png
02:32:06.351 - STREAM b'IHDR' 16 13
02:32:06.351 - STREAM b'pHYs' 41 9
02:32:06.351 - STREAM b'IDAT' 62 4096
02:32:06.356 - Calculating histogram for /sitespeed.io/20251114_212547/pages/scixplorer_org/search/query-81ef4d13/data/filmstrip/1/ms_001700.png
02:32:06.356 - STREAM b'IHDR' 16 13
02:32:06.356 - STREAM b'pHYs' 41 9
02:32:06.356 - STREAM b'IDAT' 62 4096
02:32:06.362 - Calculating histogram for /sitespeed.io/20251114_212547/pages/scixplorer_org/search/query-81ef4d13/data/filmstrip/1/ms_001733.png
02:32:06.362 - STREAM b'IHDR' 16 13
02:32:06.362 - STREAM b'pHYs' 41 9
02:32:06.362 - STREAM b'IDAT' 62 4096
02:32:06.368 - Calculating histogram for /sitespeed.io/20251114_212547/pages/scixplorer_org/search/query-81ef4d13/data/filmstrip/1/ms_001766.png
02:32:06.368 - STREAM b'IHDR' 16 13
02:32:06.368 - STREAM b'pHYs' 41 9
02:32:06.368 - STREAM b'IDAT' 62 4096
02:32:06.374 - Calculating histogram for /sitespeed.io/20251114_212547/pages/scixplorer_org/search/query-81ef4d13/data/filmstrip/1/ms_001800.png
02:32:06.374 - STREAM b'IHDR' 16 13
02:32:06.374 - STREAM b'pHYs' 41 9
02:32:06.374 - STREAM b'IDAT' 62 4096
02:32:06.380 - Calculating histogram for /sitespeed.io/20251114_212547/pages/scixplorer_org/search/query-81ef4d13/data/filmstrip/1/ms_001833.png
02:32:06.380 - STREAM b'IHDR' 16 13
02:32:06.380 - STREAM b'pHYs' 41 9
02:32:06.380 - STREAM b'IDAT' 62 4096
02:32:06.386 - Calculating histogram for /sitespeed.io/20251114_212547/pages/scixplorer_org/search/query-81ef4d13/data/filmstrip/1/ms_001866.png
02:32:06.386 - STREAM b'IHDR' 16 13
02:32:06.386 - STREAM b'pHYs' 41 9
02:32:06.386 - STREAM b'IDAT' 62 4096
02:32:06.392 - Calculating histogram for /sitespeed.io/20251114_212547/pages/scixplorer_org/search/query-81ef4d13/data/filmstrip/1/ms_001900.png
02:32:06.392 - STREAM b'IHDR' 16 13
02:32:06.392 - STREAM b'pHYs' 41 9
02:32:06.392 - STREAM b'IDAT' 62 4096
02:32:06.398 - Calculating histogram for /sitespeed.io/20251114_212547/pages/scixplorer_org/search/query-81ef4d13/data/filmstrip/1/ms_001933.png
02:32:06.398 - STREAM b'IHDR' 16 13
02:32:06.398 - STREAM b'pHYs' 41 9
02:32:06.398 - STREAM b'IDAT' 62 4096
02:32:06.404 - Calculating histogram for /sitespeed.io/20251114_212547/pages/scixplorer_org/search/query-81ef4d13/data/filmstrip/1/ms_001966.png
02:32:06.404 - STREAM b'IHDR' 16 13
02:32:06.404 - STREAM b'pHYs' 41 9
02:32:06.404 - STREAM b'IDAT' 62 4096
02:32:06.409 - Calculating histogram for /sitespeed.io/20251114_212547/pages/scixplorer_org/search/query-81ef4d13/data/filmstrip/1/ms_002000.png
02:32:06.409 - STREAM b'IHDR' 16 13
02:32:06.409 - STREAM b'pHYs' 41 9
02:32:06.409 - STREAM b'IDAT' 62 4096
02:32:06.416 - Calculating histogram for /sitespeed.io/20251114_212547/pages/scixplorer_org/search/query-81ef4d13/data/filmstrip/1/ms_002033.png
02:32:06.416 - STREAM b'IHDR' 16 13
02:32:06.416 - STREAM b'pHYs' 41 9
02:32:06.416 - STREAM b'IDAT' 62 4096
02:32:06.421 - Calculating histogram for /sitespeed.io/20251114_212547/pages/scixplorer_org/search/query-81ef4d13/data/filmstrip/1/ms_002066.png
02:32:06.421 - STREAM b'IHDR' 16 13
02:32:06.421 - STREAM b'pHYs' 41 9
02:32:06.421 - STREAM b'IDAT' 62 4096
02:32:06.428 - Calculating histogram for /sitespeed.io/20251114_212547/pages/scixplorer_org/search/query-81ef4d13/data/filmstrip/1/ms_002100.png
02:32:06.428 - STREAM b'IHDR' 16 13
02:32:06.428 - STREAM b'pHYs' 41 9
02:32:06.428 - STREAM b'IDAT' 62 4096
02:32:06.434 - Calculating histogram for /sitespeed.io/20251114_212547/pages/scixplorer_org/search/query-81ef4d13/data/filmstrip/1/ms_002133.png
02:32:06.434 - STREAM b'IHDR' 16 13
02:32:06.434 - STREAM b'pHYs' 41 9
02:32:06.434 - STREAM b'IDAT' 62 4096
02:32:06.443 - Calculating histogram for /sitespeed.io/20251114_212547/pages/scixplorer_org/search/query-81ef4d13/data/filmstrip/1/ms_002166.png
02:32:06.443 - STREAM b'IHDR' 16 13
02:32:06.443 - STREAM b'pHYs' 41 9
02:32:06.443 - STREAM b'IDAT' 62 4096
02:32:06.453 - Calculating histogram for /sitespeed.io/20251114_212547/pages/scixplorer_org/search/query-81ef4d13/data/filmstrip/1/ms_002200.png
02:32:06.453 - STREAM b'IHDR' 16 13
02:32:06.453 - STREAM b'pHYs' 41 9
02:32:06.453 - STREAM b'IDAT' 62 4096
02:32:06.461 - Calculating histogram for /sitespeed.io/20251114_212547/pages/scixplorer_org/search/query-81ef4d13/data/filmstrip/1/ms_002233.png
02:32:06.461 - STREAM b'IHDR' 16 13
02:32:06.461 - STREAM b'pHYs' 41 9
02:32:06.461 - STREAM b'IDAT' 62 4096
02:32:06.468 - Calculating histogram for /sitespeed.io/20251114_212547/pages/scixplorer_org/search/query-81ef4d13/data/filmstrip/1/ms_002300.png
02:32:06.468 - STREAM b'IHDR' 16 13
02:32:06.468 - STREAM b'pHYs' 41 9
02:32:06.468 - STREAM b'IDAT' 62 4096
02:32:06.475 - Calculating histogram for /sitespeed.io/20251114_212547/pages/scixplorer_org/search/query-81ef4d13/data/filmstrip/1/ms_002333.png
02:32:06.475 - STREAM b'IHDR' 16 13
02:32:06.475 - STREAM b'pHYs' 41 9
02:32:06.475 - STREAM b'IDAT' 62 4096
02:32:06.481 - Calculating histogram for /sitespeed.io/20251114_212547/pages/scixplorer_org/search/query-81ef4d13/data/filmstrip/1/ms_002366.png
02:32:06.482 - STREAM b'IHDR' 16 13
02:32:06.482 - STREAM b'pHYs' 41 9
02:32:06.482 - STREAM b'IDAT' 62 4096
02:32:06.488 - Calculating histogram for /sitespeed.io/20251114_212547/pages/scixplorer_org/search/query-81ef4d13/data/filmstrip/1/ms_002400.png
02:32:06.488 - STREAM b'IHDR' 16 13
02:32:06.488 - STREAM b'pHYs' 41 9
02:32:06.488 - STREAM b'IDAT' 62 4096
02:32:06.494 - Calculating histogram for /sitespeed.io/20251114_212547/pages/scixplorer_org/search/query-81ef4d13/data/filmstrip/1/ms_002433.png
02:32:06.494 - STREAM b'IHDR' 16 13
02:32:06.494 - STREAM b'pHYs' 41 9
02:32:06.494 - STREAM b'IDAT' 62 4096
02:32:06.501 - Calculating histogram for /sitespeed.io/20251114_212547/pages/scixplorer_org/search/query-81ef4d13/data/filmstrip/1/ms_002466.png
02:32:06.501 - STREAM b'IHDR' 16 13
02:32:06.501 - STREAM b'pHYs' 41 9
02:32:06.501 - STREAM b'IDAT' 62 4096
02:32:06.507 - Calculating histogram for /sitespeed.io/20251114_212547/pages/scixplorer_org/search/query-81ef4d13/data/filmstrip/1/ms_002500.png
02:32:06.507 - STREAM b'IHDR' 16 13
02:32:06.507 - STREAM b'pHYs' 41 9
02:32:06.507 - STREAM b'IDAT' 62 4096
02:32:06.514 - Calculating histogram for /sitespeed.io/20251114_212547/pages/scixplorer_org/search/query-81ef4d13/data/filmstrip/1/ms_002533.png
02:32:06.514 - STREAM b'IHDR' 16 13
02:32:06.514 - STREAM b'pHYs' 41 9
02:32:06.514 - STREAM b'IDAT' 62 4096
02:32:06.520 - Calculating histogram for /sitespeed.io/20251114_212547/pages/scixplorer_org/search/query-81ef4d13/data/filmstrip/1/ms_002566.png
02:32:06.520 - STREAM b'IHDR' 16 13
02:32:06.520 - STREAM b'pHYs' 41 9
02:32:06.520 - STREAM b'IDAT' 62 4096
02:32:06.526 - Calculating histogram for /sitespeed.io/20251114_212547/pages/scixplorer_org/search/query-81ef4d13/data/filmstrip/1/ms_002600.png
02:32:06.526 - STREAM b'IHDR' 16 13
02:32:06.526 - STREAM b'pHYs' 41 9
02:32:06.526 - STREAM b'IDAT' 62 4096
02:32:06.533 - Calculating histogram for /sitespeed.io/20251114_212547/pages/scixplorer_org/search/query-81ef4d13/data/filmstrip/1/ms_002633.png
02:32:06.533 - STREAM b'IHDR' 16 13
02:32:06.533 - STREAM b'pHYs' 41 9
02:32:06.533 - STREAM b'IDAT' 62 4096
02:32:06.539 - Calculating histogram for /sitespeed.io/20251114_212547/pages/scixplorer_org/search/query-81ef4d13/data/filmstrip/1/ms_002666.png
02:32:06.539 - STREAM b'IHDR' 16 13
02:32:06.539 - STREAM b'pHYs' 41 9
02:32:06.539 - STREAM b'IDAT' 62 4096
02:32:06.545 - Calculating histogram for /sitespeed.io/20251114_212547/pages/scixplorer_org/search/query-81ef4d13/data/filmstrip/1/ms_002700.png
02:32:06.545 - STREAM b'IHDR' 16 13
02:32:06.545 - STREAM b'pHYs' 41 9
02:32:06.546 - STREAM b'IDAT' 62 4096
02:32:06.552 - Calculating histogram for /sitespeed.io/20251114_212547/pages/scixplorer_org/search/query-81ef4d13/data/filmstrip/1/ms_002733.png
02:32:06.552 - STREAM b'IHDR' 16 13
02:32:06.552 - STREAM b'pHYs' 41 9
02:32:06.552 - STREAM b'IDAT' 62 4096
02:32:06.558 - Calculating histogram for /sitespeed.io/20251114_212547/pages/scixplorer_org/search/query-81ef4d13/data/filmstrip/1/ms_002766.png
02:32:06.558 - STREAM b'IHDR' 16 13
02:32:06.558 - STREAM b'pHYs' 41 9
02:32:06.558 - STREAM b'IDAT' 62 4096
02:32:06.564 - Calculating histogram for /sitespeed.io/20251114_212547/pages/scixplorer_org/search/query-81ef4d13/data/filmstrip/1/ms_002800.png
02:32:06.564 - STREAM b'IHDR' 16 13
02:32:06.564 - STREAM b'pHYs' 41 9
02:32:06.564 - STREAM b'IDAT' 62 4096
02:32:06.571 - Calculating histogram for /sitespeed.io/20251114_212547/pages/scixplorer_org/search/query-81ef4d13/data/filmstrip/1/ms_002833.png
02:32:06.571 - STREAM b'IHDR' 16 13
02:32:06.571 - STREAM b'pHYs' 41 9
02:32:06.571 - STREAM b'IDAT' 62 4096
02:32:06.577 - Calculating histogram for /sitespeed.io/20251114_212547/pages/scixplorer_org/search/query-81ef4d13/data/filmstrip/1/ms_002866.png
02:32:06.577 - STREAM b'IHDR' 16 13
02:32:06.577 - STREAM b'pHYs' 41 9
02:32:06.577 - STREAM b'IDAT' 62 4096
02:32:06.583 - Calculating histogram for /sitespeed.io/20251114_212547/pages/scixplorer_org/search/query-81ef4d13/data/filmstrip/1/ms_002900.png
02:32:06.584 - STREAM b'IHDR' 16 13
02:32:06.584 - STREAM b'pHYs' 41 9
02:32:06.584 - STREAM b'IDAT' 62 4096
02:32:06.590 - Calculating histogram for /sitespeed.io/20251114_212547/pages/scixplorer_org/search/query-81ef4d13/data/filmstrip/1/ms_002933.png
02:32:06.590 - STREAM b'IHDR' 16 13
02:32:06.590 - STREAM b'pHYs' 41 9
02:32:06.590 - STREAM b'IDAT' 62 4096
02:32:06.596 - Calculating histogram for /sitespeed.io/20251114_212547/pages/scixplorer_org/search/query-81ef4d13/data/filmstrip/1/ms_002966.png
02:32:06.596 - STREAM b'IHDR' 16 13
02:32:06.596 - STREAM b'pHYs' 41 9
02:32:06.596 - STREAM b'IDAT' 62 4096
02:32:06.603 - Calculating histogram for /sitespeed.io/20251114_212547/pages/scixplorer_org/search/query-81ef4d13/data/filmstrip/1/ms_003000.png
02:32:06.603 - STREAM b'IHDR' 16 13
02:32:06.603 - STREAM b'pHYs' 41 9
02:32:06.603 - STREAM b'IDAT' 62 4096
02:32:06.610 - Calculating histogram for /sitespeed.io/20251114_212547/pages/scixplorer_org/search/query-81ef4d13/data/filmstrip/1/ms_003033.png
02:32:06.610 - STREAM b'IHDR' 16 13
02:32:06.610 - STREAM b'pHYs' 41 9
02:32:06.610 - STREAM b'IDAT' 62 4096
02:32:06.617 - Calculating histogram for /sitespeed.io/20251114_212547/pages/scixplorer_org/search/query-81ef4d13/data/filmstrip/1/ms_003066.png
02:32:06.617 - STREAM b'IHDR' 16 13
02:32:06.617 - STREAM b'pHYs' 41 9
02:32:06.617 - STREAM b'IDAT' 62 4096
02:32:06.623 - Calculating histogram for /sitespeed.io/20251114_212547/pages/scixplorer_org/search/query-81ef4d13/data/filmstrip/1/ms_003100.png
02:32:06.623 - STREAM b'IHDR' 16 13
02:32:06.623 - STREAM b'pHYs' 41 9
02:32:06.623 - STREAM b'IDAT' 62 4096
02:32:06.630 - Calculating histogram for /sitespeed.io/20251114_212547/pages/scixplorer_org/search/query-81ef4d13/data/filmstrip/1/ms_003133.png
02:32:06.630 - STREAM b'IHDR' 16 13
02:32:06.630 - STREAM b'pHYs' 41 9
02:32:06.630 - STREAM b'IDAT' 62 4096
02:32:06.636 - Calculating histogram for /sitespeed.io/20251114_212547/pages/scixplorer_org/search/query-81ef4d13/data/filmstrip/1/ms_003166.png
02:32:06.636 - STREAM b'IHDR' 16 13
02:32:06.636 - STREAM b'pHYs' 41 9
02:32:06.636 - STREAM b'IDAT' 62 4096
02:32:06.642 - Calculating histogram for /sitespeed.io/20251114_212547/pages/scixplorer_org/search/query-81ef4d13/data/filmstrip/1/ms_003200.png
02:32:06.642 - STREAM b'IHDR' 16 13
02:32:06.642 - STREAM b'pHYs' 41 9
02:32:06.642 - STREAM b'IDAT' 62 4096
02:32:06.649 - Calculating histogram for /sitespeed.io/20251114_212547/pages/scixplorer_org/search/query-81ef4d13/data/filmstrip/1/ms_003233.png
02:32:06.649 - STREAM b'IHDR' 16 13
02:32:06.649 - STREAM b'pHYs' 41 9
02:32:06.649 - STREAM b'IDAT' 62 4096
02:32:06.655 - Calculating histogram for /sitespeed.io/20251114_212547/pages/scixplorer_org/search/query-81ef4d13/data/filmstrip/1/ms_003266.png
02:32:06.655 - STREAM b'IHDR' 16 13
02:32:06.655 - STREAM b'pHYs' 41 9
02:32:06.655 - STREAM b'IDAT' 62 4096
02:32:06.661 - Calculating histogram for /sitespeed.io/20251114_212547/pages/scixplorer_org/search/query-81ef4d13/data/filmstrip/1/ms_003300.png
02:32:06.661 - STREAM b'IHDR' 16 13
02:32:06.661 - STREAM b'pHYs' 41 9
02:32:06.661 - STREAM b'IDAT' 62 4096
02:32:06.668 - Calculating histogram for /sitespeed.io/20251114_212547/pages/scixplorer_org/search/query-81ef4d13/data/filmstrip/1/ms_003333.png
02:32:06.668 - STREAM b'IHDR' 16 13
02:32:06.668 - STREAM b'pHYs' 41 9
02:32:06.668 - STREAM b'IDAT' 62 4096
02:32:06.674 - Calculating histogram for /sitespeed.io/20251114_212547/pages/scixplorer_org/search/query-81ef4d13/data/filmstrip/1/ms_003366.png
02:32:06.674 - STREAM b'IHDR' 16 13
02:32:06.674 - STREAM b'pHYs' 41 9
02:32:06.674 - STREAM b'IDAT' 62 4096
02:32:06.681 - Calculating histogram for /sitespeed.io/20251114_212547/pages/scixplorer_org/search/query-81ef4d13/data/filmstrip/1/ms_003400.png
02:32:06.681 - STREAM b'IHDR' 16 13
02:32:06.682 - STREAM b'pHYs' 41 9
02:32:06.682 - STREAM b'IDAT' 62 4096
02:32:06.688 - Calculating histogram for /sitespeed.io/20251114_212547/pages/scixplorer_org/search/query-81ef4d13/data/filmstrip/1/ms_003433.png
02:32:06.688 - STREAM b'IHDR' 16 13
02:32:06.688 - STREAM b'pHYs' 41 9
02:32:06.688 - STREAM b'IDAT' 62 4096
02:32:06.695 - Calculating histogram for /sitespeed.io/20251114_212547/pages/scixplorer_org/search/query-81ef4d13/data/filmstrip/1/ms_003466.png
02:32:06.695 - STREAM b'IHDR' 16 13
02:32:06.695 - STREAM b'pHYs' 41 9
02:32:06.695 - STREAM b'IDAT' 62 4096
02:32:06.701 - Calculating histogram for /sitespeed.io/20251114_212547/pages/scixplorer_org/search/query-81ef4d13/data/filmstrip/1/ms_003500.png
02:32:06.701 - STREAM b'IHDR' 16 13
02:32:06.702 - STREAM b'pHYs' 41 9
02:32:06.702 - STREAM b'IDAT' 62 4096
02:32:06.708 - Calculating histogram for /sitespeed.io/20251114_212547/pages/scixplorer_org/search/query-81ef4d13/data/filmstrip/1/ms_003533.png
02:32:06.708 - STREAM b'IHDR' 16 13
02:32:06.708 - STREAM b'pHYs' 41 9
02:32:06.708 - STREAM b'IDAT' 62 4096
02:32:06.715 - Calculating histogram for /sitespeed.io/20251114_212547/pages/scixplorer_org/search/query-81ef4d13/data/filmstrip/1/ms_003566.png
02:32:06.715 - STREAM b'IHDR' 16 13
02:32:06.715 - STREAM b'pHYs' 41 9
02:32:06.715 - STREAM b'IDAT' 62 4096
02:32:06.722 - Calculating histogram for /sitespeed.io/20251114_212547/pages/scixplorer_org/search/query-81ef4d13/data/filmstrip/1/ms_003600.png
02:32:06.722 - STREAM b'IHDR' 16 13
02:32:06.722 - STREAM b'pHYs' 41 9
02:32:06.722 - STREAM b'IDAT' 62 4096
02:32:06.728 - Calculating histogram for /sitespeed.io/20251114_212547/pages/scixplorer_org/search/query-81ef4d13/data/filmstrip/1/ms_003633.png
02:32:06.728 - STREAM b'IHDR' 16 13
02:32:06.728 - STREAM b'pHYs' 41 9
02:32:06.728 - STREAM b'IDAT' 62 4096
02:32:06.734 - Calculating histogram for /sitespeed.io/20251114_212547/pages/scixplorer_org/search/query-81ef4d13/data/filmstrip/1/ms_003666.png
02:32:06.734 - STREAM b'IHDR' 16 13
02:32:06.734 - STREAM b'pHYs' 41 9
02:32:06.735 - STREAM b'IDAT' 62 4096
02:32:06.741 - Calculating histogram for /sitespeed.io/20251114_212547/pages/scixplorer_org/search/query-81ef4d13/data/filmstrip/1/ms_003700.png
02:32:06.741 - STREAM b'IHDR' 16 13
02:32:06.741 - STREAM b'pHYs' 41 9
02:32:06.741 - STREAM b'IDAT' 62 4096
02:32:06.747 - Calculating histogram for /sitespeed.io/20251114_212547/pages/scixplorer_org/search/query-81ef4d13/data/filmstrip/1/ms_003733.png
02:32:06.747 - STREAM b'IHDR' 16 13
02:32:06.747 - STREAM b'pHYs' 41 9
02:32:06.747 - STREAM b'IDAT' 62 4096
02:32:06.754 - Calculating histogram for /sitespeed.io/20251114_212547/pages/scixplorer_org/search/query-81ef4d13/data/filmstrip/1/ms_003766.png
02:32:06.754 - STREAM b'IHDR' 16 13
02:32:06.754 - STREAM b'pHYs' 41 9
02:32:06.754 - STREAM b'IDAT' 62 4096
02:32:06.760 - Calculating histogram for /sitespeed.io/20251114_212547/pages/scixplorer_org/search/query-81ef4d13/data/filmstrip/1/ms_003800.png
02:32:06.760 - STREAM b'IHDR' 16 13
02:32:06.760 - STREAM b'pHYs' 41 9
02:32:06.760 - STREAM b'IDAT' 62 4096
02:32:06.767 - Calculating histogram for /sitespeed.io/20251114_212547/pages/scixplorer_org/search/query-81ef4d13/data/filmstrip/1/ms_003833.png
02:32:06.767 - STREAM b'IHDR' 16 13
02:32:06.767 - STREAM b'pHYs' 41 9
02:32:06.767 - STREAM b'IDAT' 62 4096
02:32:06.773 - Calculating histogram for /sitespeed.io/20251114_212547/pages/scixplorer_org/search/query-81ef4d13/data/filmstrip/1/ms_003866.png
02:32:06.773 - STREAM b'IHDR' 16 13
02:32:06.773 - STREAM b'pHYs' 41 9
02:32:06.773 - STREAM b'IDAT' 62 4096
02:32:06.780 - Calculating histogram for /sitespeed.io/20251114_212547/pages/scixplorer_org/search/query-81ef4d13/data/filmstrip/1/ms_003900.png
02:32:06.780 - STREAM b'IHDR' 16 13
02:32:06.780 - STREAM b'pHYs' 41 9
02:32:06.780 - STREAM b'IDAT' 62 4096
02:32:06.786 - Calculating histogram for /sitespeed.io/20251114_212547/pages/scixplorer_org/search/query-81ef4d13/data/filmstrip/1/ms_003933.png
02:32:06.786 - STREAM b'IHDR' 16 13
02:32:06.786 - STREAM b'pHYs' 41 9
02:32:06.786 - STREAM b'IDAT' 62 4096
02:32:06.793 - Calculating histogram for /sitespeed.io/20251114_212547/pages/scixplorer_org/search/query-81ef4d13/data/filmstrip/1/ms_003966.png
02:32:06.793 - STREAM b'IHDR' 16 13
02:32:06.793 - STREAM b'pHYs' 41 9
02:32:06.793 - STREAM b'IDAT' 62 4096
02:32:06.799 - Calculating histogram for /sitespeed.io/20251114_212547/pages/scixplorer_org/search/query-81ef4d13/data/filmstrip/1/ms_004000.png
02:32:06.799 - STREAM b'IHDR' 16 13
02:32:06.799 - STREAM b'pHYs' 41 9
02:32:06.799 - STREAM b'IDAT' 62 4096
02:32:06.806 - Calculating histogram for /sitespeed.io/20251114_212547/pages/scixplorer_org/search/query-81ef4d13/data/filmstrip/1/ms_004033.png
02:32:06.806 - STREAM b'IHDR' 16 13
02:32:06.806 - STREAM b'pHYs' 41 9
02:32:06.806 - STREAM b'IDAT' 62 4096
02:32:06.813 - Calculating histogram for /sitespeed.io/20251114_212547/pages/scixplorer_org/search/query-81ef4d13/data/filmstrip/1/ms_004066.png
02:32:06.813 - STREAM b'IHDR' 16 13
02:32:06.813 - STREAM b'pHYs' 41 9
02:32:06.813 - STREAM b'IDAT' 62 4096
02:32:06.820 - Calculating histogram for /sitespeed.io/20251114_212547/pages/scixplorer_org/search/query-81ef4d13/data/filmstrip/1/ms_004100.png
02:32:06.820 - STREAM b'IHDR' 16 13
02:32:06.820 - STREAM b'pHYs' 41 9
02:32:06.820 - STREAM b'IDAT' 62 4096
02:32:06.826 - Calculating histogram for /sitespeed.io/20251114_212547/pages/scixplorer_org/search/query-81ef4d13/data/filmstrip/1/ms_004133.png
02:32:06.826 - STREAM b'IHDR' 16 13
02:32:06.826 - STREAM b'pHYs' 41 9
02:32:06.826 - STREAM b'IDAT' 62 4096
02:32:06.833 - Calculating histogram for /sitespeed.io/20251114_212547/pages/scixplorer_org/search/query-81ef4d13/data/filmstrip/1/ms_004166.png
02:32:06.833 - STREAM b'IHDR' 16 13
02:32:06.833 - STREAM b'pHYs' 41 9
02:32:06.833 - STREAM b'IDAT' 62 4096
02:32:06.839 - Calculating histogram for /sitespeed.io/20251114_212547/pages/scixplorer_org/search/query-81ef4d13/data/filmstrip/1/ms_004200.png
02:32:06.840 - STREAM b'IHDR' 16 13
02:32:06.840 - STREAM b'pHYs' 41 9
02:32:06.840 - STREAM b'IDAT' 62 4096
02:32:06.846 - Calculating histogram for /sitespeed.io/20251114_212547/pages/scixplorer_org/search/query-81ef4d13/data/filmstrip/1/ms_004233.png
02:32:06.846 - STREAM b'IHDR' 16 13
02:32:06.847 - STREAM b'pHYs' 41 9
02:32:06.847 - STREAM b'IDAT' 62 4096
02:32:06.854 - Calculating histogram for /sitespeed.io/20251114_212547/pages/scixplorer_org/search/query-81ef4d13/data/filmstrip/1/ms_004266.png
02:32:06.854 - STREAM b'IHDR' 16 13
02:32:06.854 - STREAM b'pHYs' 41 9
02:32:06.854 - STREAM b'IDAT' 62 4096
02:32:06.862 - Calculating histogram for /sitespeed.io/20251114_212547/pages/scixplorer_org/search/query-81ef4d13/data/filmstrip/1/ms_004300.png
02:32:06.862 - STREAM b'IHDR' 16 13
02:32:06.862 - STREAM b'pHYs' 41 9
02:32:06.862 - STREAM b'IDAT' 62 4096
02:32:06.869 - Calculating histogram for /sitespeed.io/20251114_212547/pages/scixplorer_org/search/query-81ef4d13/data/filmstrip/1/ms_004333.png
02:32:06.869 - STREAM b'IHDR' 16 13
02:32:06.869 - STREAM b'pHYs' 41 9
02:32:06.869 - STREAM b'IDAT' 62 4096
02:32:06.876 - Calculating histogram for /sitespeed.io/20251114_212547/pages/scixplorer_org/search/query-81ef4d13/data/filmstrip/1/ms_004366.png
02:32:06.876 - STREAM b'IHDR' 16 13
02:32:06.877 - STREAM b'pHYs' 41 9
02:32:06.877 - STREAM b'IDAT' 62 4096
02:32:06.884 - Calculating histogram for /sitespeed.io/20251114_212547/pages/scixplorer_org/search/query-81ef4d13/data/filmstrip/1/ms_004400.png
02:32:06.884 - STREAM b'IHDR' 16 13
02:32:06.884 - STREAM b'pHYs' 41 9
02:32:06.884 - STREAM b'IDAT' 62 4096
02:32:06.894 - Calculating histogram for /sitespeed.io/20251114_212547/pages/scixplorer_org/search/query-81ef4d13/data/filmstrip/1/ms_004433.png
02:32:06.894 - STREAM b'IHDR' 16 13
02:32:06.894 - STREAM b'pHYs' 41 9
02:32:06.895 - STREAM b'IDAT' 62 4096
02:32:06.906 - Calculating histogram for /sitespeed.io/20251114_212547/pages/scixplorer_org/search/query-81ef4d13/data/filmstrip/1/ms_004466.png
02:32:06.906 - STREAM b'IHDR' 16 13
02:32:06.906 - STREAM b'pHYs' 41 9
02:32:06.906 - STREAM b'IDAT' 62 4096
02:32:06.917 - Calculating histogram for /sitespeed.io/20251114_212547/pages/scixplorer_org/search/query-81ef4d13/data/filmstrip/1/ms_004500.png
02:32:06.917 - STREAM b'IHDR' 16 13
02:32:06.917 - STREAM b'pHYs' 41 9
02:32:06.917 - STREAM b'IDAT' 62 4096
02:32:06.925 - Calculating histogram for /sitespeed.io/20251114_212547/pages/scixplorer_org/search/query-81ef4d13/data/filmstrip/1/ms_004533.png
02:32:06.925 - STREAM b'IHDR' 16 13
02:32:06.925 - STREAM b'pHYs' 41 9
02:32:06.925 - STREAM b'IDAT' 62 4096
02:32:06.932 - Calculating histogram for /sitespeed.io/20251114_212547/pages/scixplorer_org/search/query-81ef4d13/data/filmstrip/1/ms_004566.png
02:32:06.932 - STREAM b'IHDR' 16 13
02:32:06.932 - STREAM b'pHYs' 41 9
02:32:06.932 - STREAM b'IDAT' 62 4096
02:32:06.939 - Calculating histogram for /sitespeed.io/20251114_212547/pages/scixplorer_org/search/query-81ef4d13/data/filmstrip/1/ms_004600.png
02:32:06.939 - STREAM b'IHDR' 16 13
02:32:06.939 - STREAM b'pHYs' 41 9
02:32:06.939 - STREAM b'IDAT' 62 4096
02:32:06.945 - Calculating histogram for /sitespeed.io/20251114_212547/pages/scixplorer_org/search/query-81ef4d13/data/filmstrip/1/ms_004633.png
02:32:06.945 - STREAM b'IHDR' 16 13
02:32:06.945 - STREAM b'pHYs' 41 9
02:32:06.945 - STREAM b'IDAT' 62 4096
02:32:06.952 - Calculating histogram for /sitespeed.io/20251114_212547/pages/scixplorer_org/search/query-81ef4d13/data/filmstrip/1/ms_004666.png
02:32:06.952 - STREAM b'IHDR' 16 13
02:32:06.952 - STREAM b'pHYs' 41 9
02:32:06.952 - STREAM b'IDAT' 62 4096
02:32:06.958 - Calculating histogram for /sitespeed.io/20251114_212547/pages/scixplorer_org/search/query-81ef4d13/data/filmstrip/1/ms_004700.png
02:32:06.958 - STREAM b'IHDR' 16 13
02:32:06.958 - STREAM b'pHYs' 41 9
02:32:06.958 - STREAM b'IDAT' 62 4096
02:32:06.964 - Calculating histogram for /sitespeed.io/20251114_212547/pages/scixplorer_org/search/query-81ef4d13/data/filmstrip/1/ms_004733.png
02:32:06.965 - STREAM b'IHDR' 16 13
02:32:06.965 - STREAM b'pHYs' 41 9
02:32:06.965 - STREAM b'IDAT' 62 4096
02:32:06.971 - Calculating histogram for /sitespeed.io/20251114_212547/pages/scixplorer_org/search/query-81ef4d13/data/filmstrip/1/ms_004766.png
02:32:06.971 - STREAM b'IHDR' 16 13
02:32:06.971 - STREAM b'pHYs' 41 9
02:32:06.971 - STREAM b'IDAT' 62 4096
02:32:06.978 - Calculating histogram for /sitespeed.io/20251114_212547/pages/scixplorer_org/search/query-81ef4d13/data/filmstrip/1/ms_004800.png
02:32:06.978 - STREAM b'IHDR' 16 13
02:32:06.978 - STREAM b'pHYs' 41 9
02:32:06.978 - STREAM b'IDAT' 62 4096
02:32:06.985 - Calculating histogram for /sitespeed.io/20251114_212547/pages/scixplorer_org/search/query-81ef4d13/data/filmstrip/1/ms_004833.png
02:32:06.985 - STREAM b'IHDR' 16 13
02:32:06.985 - STREAM b'pHYs' 41 9
02:32:06.985 - STREAM b'IDAT' 62 4096
02:32:06.992 - Calculating histogram for /sitespeed.io/20251114_212547/pages/scixplorer_org/search/query-81ef4d13/data/filmstrip/1/ms_004866.png
02:32:06.992 - STREAM b'IHDR' 16 13
02:32:06.992 - STREAM b'pHYs' 41 9
02:32:06.992 - STREAM b'IDAT' 62 4096
02:32:06.998 - Calculating histogram for /sitespeed.io/20251114_212547/pages/scixplorer_org/search/query-81ef4d13/data/filmstrip/1/ms_004900.png
02:32:06.998 - STREAM b'IHDR' 16 13
02:32:06.998 - STREAM b'pHYs' 41 9
02:32:06.998 - STREAM b'IDAT' 62 4096
02:32:07.006 - Calculating histogram for /sitespeed.io/20251114_212547/pages/scixplorer_org/search/query-81ef4d13/data/filmstrip/1/ms_004933.png
02:32:07.006 - STREAM b'IHDR' 16 13
02:32:07.006 - STREAM b'pHYs' 41 9
02:32:07.006 - STREAM b'IDAT' 62 4096
02:32:07.013 - Calculating histogram for /sitespeed.io/20251114_212547/pages/scixplorer_org/search/query-81ef4d13/data/filmstrip/1/ms_004966.png
02:32:07.013 - STREAM b'IHDR' 16 13
02:32:07.013 - STREAM b'pHYs' 41 9
02:32:07.013 - STREAM b'IDAT' 62 4096
02:32:07.020 - Calculating histogram for /sitespeed.io/20251114_212547/pages/scixplorer_org/search/query-81ef4d13/data/filmstrip/1/ms_005000.png
02:32:07.020 - STREAM b'IHDR' 16 13
02:32:07.020 - STREAM b'pHYs' 41 9
02:32:07.020 - STREAM b'IDAT' 62 4096
02:32:07.027 - Calculating histogram for /sitespeed.io/20251114_212547/pages/scixplorer_org/search/query-81ef4d13/data/filmstrip/1/ms_005033.png
02:32:07.027 - STREAM b'IHDR' 16 13
02:32:07.027 - STREAM b'pHYs' 41 9
02:32:07.027 - STREAM b'IDAT' 62 4096
02:32:07.124 - Done calculating histograms
02:32:07.129 - 0ms - 0% Complete
02:32:07.129 - 433ms - 43% Complete
02:32:07.129 - 466ms - 44% Complete
02:32:07.129 - 500ms - 43% Complete
02:32:07.129 - 533ms - 43% Complete
02:32:07.130 - 566ms - 43% Complete
02:32:07.130 - 600ms - 43% Complete
02:32:07.130 - 633ms - 44% Complete
02:32:07.130 - 666ms - 44% Complete
02:32:07.130 - 733ms - 44% Complete
02:32:07.131 - 766ms - 44% Complete
02:32:07.131 - 800ms - 44% Complete
02:32:07.131 - 833ms - 45% Complete
02:32:07.131 - 866ms - 44% Complete
02:32:07.131 - 900ms - 49% Complete
02:32:07.131 - 933ms - 49% Complete
02:32:07.132 - 966ms - 50% Complete
02:32:07.132 - 1000ms - 50% Complete
02:32:07.132 - 1033ms - 48% Complete
02:32:07.132 - 1066ms - 45% Complete
02:32:07.132 - 1100ms - 44% Complete
02:32:07.133 - 1133ms - 46% Complete
02:32:07.133 - 1166ms - 45% Complete
02:32:07.133 - 1200ms - 43% Complete
02:32:07.133 - 1233ms - 43% Complete
02:32:07.133 - 1266ms - 43% Complete
02:32:07.134 - 1300ms - 43% Complete
02:32:07.134 - 1333ms - 43% Complete
02:32:07.134 - 1366ms - 44% Complete
02:32:07.134 - 1400ms - 45% Complete
02:32:07.134 - 1433ms - 46% Complete
02:32:07.135 - 1466ms - 45% Complete
02:32:07.135 - 1500ms - 45% Complete
02:32:07.135 - 1533ms - 47% Complete
02:32:07.135 - 1566ms - 51% Complete
02:32:07.135 - 1600ms - 50% Complete
02:32:07.136 - 1633ms - 67% Complete
02:32:07.136 - 1666ms - 67% Complete
02:32:07.136 - 1700ms - 68% Complete
02:32:07.136 - 1733ms - 67% Complete
02:32:07.136 - 1766ms - 68% Complete
02:32:07.136 - 1800ms - 68% Complete
02:32:07.137 - 1833ms - 68% Complete
02:32:07.137 - 1866ms - 68% Complete
02:32:07.137 - 1900ms - 68% Complete
02:32:07.137 - 1933ms - 68% Complete
02:32:07.137 - 1966ms - 68% Complete
02:32:07.138 - 2000ms - 68% Complete
02:32:07.138 - 2033ms - 68% Complete
02:32:07.138 - 2066ms - 94% Complete
02:32:07.138 - 2100ms - 94% Complete
02:32:07.138 - 2133ms - 94% Complete
02:32:07.139 - 2166ms - 95% Complete
02:32:07.139 - 2200ms - 95% Complete
02:32:07.139 - 2233ms - 95% Complete
02:32:07.139 - 2300ms - 95% Complete
02:32:07.139 - 2333ms - 96% Complete
02:32:07.140 - 2366ms - 96% Complete
02:32:07.140 - 2400ms - 96% Complete
02:32:07.140 - 2433ms - 97% Complete
02:32:07.140 - 2466ms - 97% Complete
02:32:07.140 - 2500ms - 96% Complete
02:32:07.140 - 2533ms - 97% Complete
02:32:07.141 - 2566ms - 97% Complete
02:32:07.141 - 2600ms - 97% Complete
02:32:07.141 - 2633ms - 97% Complete
02:32:07.141 - 2666ms - 97% Complete
02:32:07.141 - 2700ms - 97% Complete
02:32:07.142 - 2733ms - 97% Complete
02:32:07.142 - 2766ms - 97% Complete
02:32:07.142 - 2800ms - 97% Complete
02:32:07.142 - 2833ms - 97% Complete
02:32:07.142 - 2866ms - 97% Complete
02:32:07.143 - 2900ms - 97% Complete
02:32:07.143 - 2933ms - 97% Complete
02:32:07.143 - 2966ms - 97% Complete
02:32:07.143 - 3000ms - 97% Complete
02:32:07.143 - 3033ms - 97% Complete
02:32:07.143 - 3066ms - 97% Complete
02:32:07.144 - 3100ms - 97% Complete
02:32:07.144 - 3133ms - 97% Complete
02:32:07.144 - 3166ms - 97% Complete
02:32:07.144 - 3200ms - 97% Complete
02:32:07.144 - 3233ms - 97% Complete
02:32:07.145 - 3266ms - 97% Complete
02:32:07.145 - 3300ms - 97% Complete
02:32:07.145 - 3333ms - 97% Complete
02:32:07.145 - 3366ms - 96% Complete
02:32:07.145 - 3400ms - 97% Complete
02:32:07.146 - 3433ms - 97% Complete
02:32:07.146 - 3466ms - 97% Complete
02:32:07.146 - 3500ms - 97% Complete
02:32:07.146 - 3533ms - 97% Complete
02:32:07.146 - 3566ms - 97% Complete
02:32:07.146 - 3600ms - 97% Complete
02:32:07.147 - 3633ms - 97% Complete
02:32:07.147 - 3666ms - 97% Complete
02:32:07.147 - 3700ms - 97% Complete
02:32:07.147 - 3733ms - 97% Complete
02:32:07.147 - 3766ms - 97% Complete
02:32:07.148 - 3800ms - 97% Complete
02:32:07.148 - 3833ms - 97% Complete
02:32:07.148 - 3866ms - 97% Complete
02:32:07.148 - 3900ms - 97% Complete
02:32:07.148 - 3933ms - 97% Complete
02:32:07.148 - 3966ms - 97% Complete
02:32:07.149 - 4000ms - 97% Complete
02:32:07.149 - 4033ms - 97% Complete
02:32:07.149 - 4066ms - 98% Complete
02:32:07.149 - 4100ms - 99% Complete
02:32:07.149 - 4133ms - 99% Complete
02:32:07.150 - 4166ms - 99% Complete
02:32:07.150 - 4200ms - 99% Complete
02:32:07.150 - 4233ms - 99% Complete
02:32:07.150 - 4266ms - 99% Complete
02:32:07.150 - 4300ms - 99% Complete
02:32:07.151 - 4333ms - 99% Complete
02:32:07.151 - 4366ms - 99% Complete
02:32:07.151 - 4400ms - 99% Complete
02:32:07.151 - 4433ms - 99% Complete
02:32:07.151 - 4466ms - 99% Complete
02:32:07.151 - 4500ms - 99% Complete
02:32:07.152 - 4533ms - 99% Complete
02:32:07.152 - 4566ms - 99% Complete
02:32:07.152 - 4600ms - 99% Complete
02:32:07.152 - 4633ms - 99% Complete
02:32:07.153 - 4666ms - 99% Complete
02:32:07.153 - 4700ms - 99% Complete
02:32:07.153 - 4733ms - 99% Complete
02:32:07.153 - 4766ms - 99% Complete
02:32:07.153 - 4800ms - 99% Complete
02:32:07.154 - 4833ms - 99% Complete
02:32:07.154 - 4866ms - 99% Complete
02:32:07.154 - 4900ms - 99% Complete
02:32:07.154 - 4933ms - 99% Complete
02:32:07.154 - 4966ms - 99% Complete
02:32:07.154 - 5000ms - 99% Complete
02:32:07.155 - 5033ms - 100% Complete
02:32:07.155 - Hero elements file is not valid: None
02:32:07.155 - Converting video frames to JPEG
02:32:07.155 - STREAM b'IHDR' 16 13
02:32:07.155 - STREAM b'pHYs' 41 9
02:32:07.155 - STREAM b'IDAT' 62 634
02:32:07.155 - Unable to convert image to sRGB as there is no color profile to transform from.
02:32:07.156 - STREAM b'IHDR' 16 13
02:32:07.156 - STREAM b'pHYs' 41 9
02:32:07.156 - STREAM b'IDAT' 62 4096
02:32:07.156 - Unable to convert image to sRGB as there is no color profile to transform from.
02:32:07.157 - STREAM b'IHDR' 16 13
02:32:07.157 - STREAM b'pHYs' 41 9
02:32:07.157 - STREAM b'IDAT' 62 4096
02:32:07.157 - Unable to convert image to sRGB as there is no color profile to transform from.
02:32:07.158 - STREAM b'IHDR' 16 13
02:32:07.158 - STREAM b'pHYs' 41 9
02:32:07.158 - STREAM b'IDAT' 62 4096
02:32:07.158 - Unable to convert image to sRGB as there is no color profile to transform from.
02:32:07.158 - STREAM b'IHDR' 16 13
02:32:07.158 - STREAM b'pHYs' 41 9
02:32:07.158 - STREAM b'IDAT' 62 4096
02:32:07.159 - Unable to convert image to sRGB as there is no color profile to transform from.
02:32:07.159 - STREAM b'IHDR' 16 13
02:32:07.159 - STREAM b'pHYs' 41 9
02:32:07.159 - STREAM b'IDAT' 62 4096
02:32:07.159 - Unable to convert image to sRGB as there is no color profile to transform from.
02:32:07.160 - STREAM b'IHDR' 16 13
02:32:07.160 - STREAM b'pHYs' 41 9
02:32:07.160 - STREAM b'IDAT' 62 4096
02:32:07.160 - Unable to convert image to sRGB as there is no color profile to transform from.
02:32:07.161 - STREAM b'IHDR' 16 13
02:32:07.161 - STREAM b'pHYs' 41 9
02:32:07.161 - STREAM b'IDAT' 62 4096
02:32:07.161 - Unable to convert image to sRGB as there is no color profile to transform from.
02:32:07.162 - STREAM b'IHDR' 16 13
02:32:07.162 - STREAM b'pHYs' 41 9
02:32:07.162 - STREAM b'IDAT' 62 4096
02:32:07.162 - Unable to convert image to sRGB as there is no color profile to transform from.
02:32:07.162 - STREAM b'IHDR' 16 13
02:32:07.162 - STREAM b'pHYs' 41 9
02:32:07.162 - STREAM b'IDAT' 62 4096
02:32:07.162 - Unable to convert image to sRGB as there is no color profile to transform from.
02:32:07.163 - STREAM b'IHDR' 16 13
02:32:07.163 - STREAM b'pHYs' 41 9
02:32:07.163 - STREAM b'IDAT' 62 4096
02:32:07.163 - Unable to convert image to sRGB as there is no color profile to transform from.
02:32:07.164 - STREAM b'IHDR' 16 13
02:32:07.164 - STREAM b'pHYs' 41 9
02:32:07.164 - STREAM b'IDAT' 62 4096
02:32:07.164 - Unable to convert image to sRGB as there is no color profile to transform from.
02:32:07.165 - STREAM b'IHDR' 16 13
02:32:07.165 - STREAM b'pHYs' 41 9
02:32:07.165 - STREAM b'IDAT' 62 4096
02:32:07.165 - Unable to convert image to sRGB as there is no color profile to transform from.
02:32:07.165 - STREAM b'IHDR' 16 13
02:32:07.165 - STREAM b'pHYs' 41 9
02:32:07.165 - STREAM b'IDAT' 62 4096
02:32:07.166 - Unable to convert image to sRGB as there is no color profile to transform from.
02:32:07.166 - STREAM b'IHDR' 16 13
02:32:07.166 - STREAM b'pHYs' 41 9
02:32:07.166 - STREAM b'IDAT' 62 4096
02:32:07.166 - Unable to convert image to sRGB as there is no color profile to transform from.
02:32:07.167 - STREAM b'IHDR' 16 13
02:32:07.167 - STREAM b'pHYs' 41 9
02:32:07.167 - STREAM b'IDAT' 62 4096
02:32:07.167 - Unable to convert image to sRGB as there is no color profile to transform from.
02:32:07.168 - STREAM b'IHDR' 16 13
02:32:07.168 - STREAM b'pHYs' 41 9
02:32:07.168 - STREAM b'IDAT' 62 4096
02:32:07.168 - Unable to convert image to sRGB as there is no color profile to transform from.
02:32:07.169 - STREAM b'IHDR' 16 13
02:32:07.169 - STREAM b'pHYs' 41 9
02:32:07.169 - STREAM b'IDAT' 62 4096
02:32:07.169 - Unable to convert image to sRGB as there is no color profile to transform from.
02:32:07.169 - STREAM b'IHDR' 16 13
02:32:07.169 - STREAM b'pHYs' 41 9
02:32:07.169 - STREAM b'IDAT' 62 4096
02:32:07.169 - Unable to convert image to sRGB as there is no color profile to transform from.
02:32:07.170 - STREAM b'IHDR' 16 13
02:32:07.170 - STREAM b'pHYs' 41 9
02:32:07.170 - STREAM b'IDAT' 62 4096
02:32:07.170 - Unable to convert image to sRGB as there is no color profile to transform from.
02:32:07.171 - STREAM b'IHDR' 16 13
02:32:07.171 - STREAM b'pHYs' 41 9
02:32:07.171 - STREAM b'IDAT' 62 4096
02:32:07.171 - Unable to convert image to sRGB as there is no color profile to transform from.
02:32:07.172 - STREAM b'IHDR' 16 13
02:32:07.172 - STREAM b'pHYs' 41 9
02:32:07.172 - STREAM b'IDAT' 62 4096
02:32:07.172 - Unable to convert image to sRGB as there is no color profile to transform from.
02:32:07.172 - STREAM b'IHDR' 16 13
02:32:07.172 - STREAM b'pHYs' 41 9
02:32:07.172 - STREAM b'IDAT' 62 4096
02:32:07.173 - Unable to convert image to sRGB as there is no color profile to transform from.
02:32:07.173 - STREAM b'IHDR' 16 13
02:32:07.173 - STREAM b'pHYs' 41 9
02:32:07.173 - STREAM b'IDAT' 62 4096
02:32:07.173 - Unable to convert image to sRGB as there is no color profile to transform from.
02:32:07.174 - STREAM b'IHDR' 16 13
02:32:07.174 - STREAM b'pHYs' 41 9
02:32:07.174 - STREAM b'IDAT' 62 4096
02:32:07.174 - Unable to convert image to sRGB as there is no color profile to transform from.
02:32:07.175 - STREAM b'IHDR' 16 13
02:32:07.175 - STREAM b'pHYs' 41 9
02:32:07.175 - STREAM b'IDAT' 62 4096
02:32:07.175 - Unable to convert image to sRGB as there is no color profile to transform from.
02:32:07.176 - STREAM b'IHDR' 16 13
02:32:07.176 - STREAM b'pHYs' 41 9
02:32:07.176 - STREAM b'IDAT' 62 4096
02:32:07.176 - Unable to convert image to sRGB as there is no color profile to transform from.
02:32:07.176 - STREAM b'IHDR' 16 13
02:32:07.176 - STREAM b'pHYs' 41 9
02:32:07.176 - STREAM b'IDAT' 62 4096
02:32:07.176 - Unable to convert image to sRGB as there is no color profile to transform from.
02:32:07.177 - STREAM b'IHDR' 16 13
02:32:07.177 - STREAM b'pHYs' 41 9
02:32:07.177 - STREAM b'IDAT' 62 4096
02:32:07.177 - Unable to convert image to sRGB as there is no color profile to transform from.
02:32:07.178 - STREAM b'IHDR' 16 13
02:32:07.178 - STREAM b'pHYs' 41 9
02:32:07.178 - STREAM b'IDAT' 62 4096
02:32:07.178 - Unable to convert image to sRGB as there is no color profile to transform from.
02:32:07.179 - STREAM b'IHDR' 16 13
02:32:07.179 - STREAM b'pHYs' 41 9
02:32:07.179 - STREAM b'IDAT' 62 4096
02:32:07.179 - Unable to convert image to sRGB as there is no color profile to transform from.
02:32:07.179 - STREAM b'IHDR' 16 13
02:32:07.180 - STREAM b'pHYs' 41 9
02:32:07.180 - STREAM b'IDAT' 62 4096
02:32:07.180 - Unable to convert image to sRGB as there is no color profile to transform from.
02:32:07.180 - STREAM b'IHDR' 16 13
02:32:07.180 - STREAM b'pHYs' 41 9
02:32:07.180 - STREAM b'IDAT' 62 4096
02:32:07.180 - Unable to convert image to sRGB as there is no color profile to transform from.
02:32:07.181 - STREAM b'IHDR' 16 13
02:32:07.181 - STREAM b'pHYs' 41 9
02:32:07.181 - STREAM b'IDAT' 62 4096
02:32:07.181 - Unable to convert image to sRGB as there is no color profile to transform from.
02:32:07.182 - STREAM b'IHDR' 16 13
02:32:07.182 - STREAM b'pHYs' 41 9
02:32:07.182 - STREAM b'IDAT' 62 4096
02:32:07.182 - Unable to convert image to sRGB as there is no color profile to transform from.
02:32:07.183 - STREAM b'IHDR' 16 13
02:32:07.183 - STREAM b'pHYs' 41 9
02:32:07.183 - STREAM b'IDAT' 62 4096
02:32:07.183 - Unable to convert image to sRGB as there is no color profile to transform from.
02:32:07.184 - STREAM b'IHDR' 16 13
02:32:07.184 - STREAM b'pHYs' 41 9
02:32:07.184 - STREAM b'IDAT' 62 4096
02:32:07.184 - Unable to convert image to sRGB as there is no color profile to transform from.
02:32:07.184 - STREAM b'IHDR' 16 13
02:32:07.184 - STREAM b'pHYs' 41 9
02:32:07.184 - STREAM b'IDAT' 62 4096
02:32:07.184 - Unable to convert image to sRGB as there is no color profile to transform from.
02:32:07.185 - STREAM b'IHDR' 16 13
02:32:07.185 - STREAM b'pHYs' 41 9
02:32:07.185 - STREAM b'IDAT' 62 4096
02:32:07.185 - Unable to convert image to sRGB as there is no color profile to transform from.
02:32:07.186 - STREAM b'IHDR' 16 13
02:32:07.186 - STREAM b'pHYs' 41 9
02:32:07.186 - STREAM b'IDAT' 62 4096
02:32:07.186 - Unable to convert image to sRGB as there is no color profile to transform from.
02:32:07.187 - STREAM b'IHDR' 16 13
02:32:07.187 - STREAM b'pHYs' 41 9
02:32:07.187 - STREAM b'IDAT' 62 4096
02:32:07.187 - Unable to convert image to sRGB as there is no color profile to transform from.
02:32:07.187 - STREAM b'IHDR' 16 13
02:32:07.188 - STREAM b'pHYs' 41 9
02:32:07.188 - STREAM b'IDAT' 62 4096
02:32:07.188 - Unable to convert image to sRGB as there is no color profile to transform from.
02:32:07.188 - STREAM b'IHDR' 16 13
02:32:07.188 - STREAM b'pHYs' 41 9
02:32:07.188 - STREAM b'IDAT' 62 4096
02:32:07.188 - Unable to convert image to sRGB as there is no color profile to transform from.
02:32:07.189 - STREAM b'IHDR' 16 13
02:32:07.189 - STREAM b'pHYs' 41 9
02:32:07.189 - STREAM b'IDAT' 62 4096
02:32:07.189 - Unable to convert image to sRGB as there is no color profile to transform from.
02:32:07.190 - STREAM b'IHDR' 16 13
02:32:07.190 - STREAM b'pHYs' 41 9
02:32:07.190 - STREAM b'IDAT' 62 4096
02:32:07.190 - Unable to convert image to sRGB as there is no color profile to transform from.
02:32:07.191 - STREAM b'IHDR' 16 13
02:32:07.191 - STREAM b'pHYs' 41 9
02:32:07.191 - STREAM b'IDAT' 62 4096
02:32:07.191 - Unable to convert image to sRGB as there is no color profile to transform from.
02:32:07.191 - STREAM b'IHDR' 16 13
02:32:07.191 - STREAM b'pHYs' 41 9
02:32:07.191 - STREAM b'IDAT' 62 4096
02:32:07.191 - Unable to convert image to sRGB as there is no color profile to transform from.
02:32:07.192 - STREAM b'IHDR' 16 13
02:32:07.192 - STREAM b'pHYs' 41 9
02:32:07.192 - STREAM b'IDAT' 62 4096
02:32:07.192 - Unable to convert image to sRGB as there is no color profile to transform from.
02:32:07.193 - STREAM b'IHDR' 16 13
02:32:07.193 - STREAM b'pHYs' 41 9
02:32:07.193 - STREAM b'IDAT' 62 4096
02:32:07.193 - Unable to convert image to sRGB as there is no color profile to transform from.
02:32:07.194 - STREAM b'IHDR' 16 13
02:32:07.194 - STREAM b'pHYs' 41 9
02:32:07.194 - STREAM b'IDAT' 62 4096
02:32:07.194 - Unable to convert image to sRGB as there is no color profile to transform from.
02:32:07.195 - STREAM b'IHDR' 16 13
02:32:07.195 - STREAM b'pHYs' 41 9
02:32:07.195 - STREAM b'IDAT' 62 4096
02:32:07.195 - Unable to convert image to sRGB as there is no color profile to transform from.
02:32:07.195 - STREAM b'IHDR' 16 13
02:32:07.195 - STREAM b'pHYs' 41 9
02:32:07.195 - STREAM b'IDAT' 62 4096
02:32:07.196 - Unable to convert image to sRGB as there is no color profile to transform from.
02:32:07.196 - STREAM b'IHDR' 16 13
02:32:07.196 - STREAM b'pHYs' 41 9
02:32:07.196 - STREAM b'IDAT' 62 4096
02:32:07.196 - Unable to convert image to sRGB as there is no color profile to transform from.
02:32:07.197 - STREAM b'IHDR' 16 13
02:32:07.197 - STREAM b'pHYs' 41 9
02:32:07.197 - STREAM b'IDAT' 62 4096
02:32:07.197 - Unable to convert image to sRGB as there is no color profile to transform from.
02:32:07.198 - STREAM b'IHDR' 16 13
02:32:07.198 - STREAM b'pHYs' 41 9
02:32:07.198 - STREAM b'IDAT' 62 4096
02:32:07.198 - Unable to convert image to sRGB as there is no color profile to transform from.
02:32:07.199 - STREAM b'IHDR' 16 13
02:32:07.199 - STREAM b'pHYs' 41 9
02:32:07.199 - STREAM b'IDAT' 62 4096
02:32:07.199 - Unable to convert image to sRGB as there is no color profile to transform from.
02:32:07.200 - STREAM b'IHDR' 16 13
02:32:07.200 - STREAM b'pHYs' 41 9
02:32:07.200 - STREAM b'IDAT' 62 4096
02:32:07.200 - Unable to convert image to sRGB as there is no color profile to transform from.
02:32:07.200 - STREAM b'IHDR' 16 13
02:32:07.201 - STREAM b'pHYs' 41 9
02:32:07.201 - STREAM b'IDAT' 62 4096
02:32:07.201 - Unable to convert image to sRGB as there is no color profile to transform from.
02:32:07.201 - STREAM b'IHDR' 16 13
02:32:07.201 - STREAM b'pHYs' 41 9
02:32:07.201 - STREAM b'IDAT' 62 4096
02:32:07.201 - Unable to convert image to sRGB as there is no color profile to transform from.
02:32:07.202 - STREAM b'IHDR' 16 13
02:32:07.202 - STREAM b'pHYs' 41 9
02:32:07.202 - STREAM b'IDAT' 62 4096
02:32:07.202 - Unable to convert image to sRGB as there is no color profile to transform from.
02:32:07.203 - STREAM b'IHDR' 16 13
02:32:07.203 - STREAM b'pHYs' 41 9
02:32:07.203 - STREAM b'IDAT' 62 4096
02:32:07.203 - Unable to convert image to sRGB as there is no color profile to transform from.
02:32:07.204 - STREAM b'IHDR' 16 13
02:32:07.204 - STREAM b'pHYs' 41 9
02:32:07.204 - STREAM b'IDAT' 62 4096
02:32:07.204 - Unable to convert image to sRGB as there is no color profile to transform from.
02:32:07.205 - STREAM b'IHDR' 16 13
02:32:07.205 - STREAM b'pHYs' 41 9
02:32:07.205 - STREAM b'IDAT' 62 4096
02:32:07.205 - Unable to convert image to sRGB as there is no color profile to transform from.
02:32:07.206 - STREAM b'IHDR' 16 13
02:32:07.206 - STREAM b'pHYs' 41 9
02:32:07.206 - STREAM b'IDAT' 62 4096
02:32:07.206 - Unable to convert image to sRGB as there is no color profile to transform from.
02:32:07.206 - STREAM b'IHDR' 16 13
02:32:07.206 - STREAM b'pHYs' 41 9
02:32:07.206 - STREAM b'IDAT' 62 4096
02:32:07.207 - Unable to convert image to sRGB as there is no color profile to transform from.
02:32:07.207 - STREAM b'IHDR' 16 13
02:32:07.207 - STREAM b'pHYs' 41 9
02:32:07.207 - STREAM b'IDAT' 62 4096
02:32:07.207 - Unable to convert image to sRGB as there is no color profile to transform from.
02:32:07.208 - STREAM b'IHDR' 16 13
02:32:07.208 - STREAM b'pHYs' 41 9
02:32:07.208 - STREAM b'IDAT' 62 4096
02:32:07.208 - Unable to convert image to sRGB as there is no color profile to transform from.
02:32:07.209 - STREAM b'IHDR' 16 13
02:32:07.209 - STREAM b'pHYs' 41 9
02:32:07.209 - STREAM b'IDAT' 62 4096
02:32:07.209 - Unable to convert image to sRGB as there is no color profile to transform from.
02:32:07.210 - STREAM b'IHDR' 16 13
02:32:07.210 - STREAM b'pHYs' 41 9
02:32:07.210 - STREAM b'IDAT' 62 4096
02:32:07.210 - Unable to convert image to sRGB as there is no color profile to transform from.
02:32:07.211 - STREAM b'IHDR' 16 13
02:32:07.211 - STREAM b'pHYs' 41 9
02:32:07.211 - STREAM b'IDAT' 62 4096
02:32:07.211 - Unable to convert image to sRGB as there is no color profile to transform from.
02:32:07.212 - STREAM b'IHDR' 16 13
02:32:07.212 - STREAM b'pHYs' 41 9
02:32:07.212 - STREAM b'IDAT' 62 4096
02:32:07.212 - Unable to convert image to sRGB as there is no color profile to transform from.
02:32:07.212 - STREAM b'IHDR' 16 13
02:32:07.212 - STREAM b'pHYs' 41 9
02:32:07.212 - STREAM b'IDAT' 62 4096
02:32:07.212 - Unable to convert image to sRGB as there is no color profile to transform from.
02:32:07.213 - STREAM b'IHDR' 16 13
02:32:07.213 - STREAM b'pHYs' 41 9
02:32:07.213 - STREAM b'IDAT' 62 4096
02:32:07.213 - Unable to convert image to sRGB as there is no color profile to transform from.
02:32:07.214 - STREAM b'IHDR' 16 13
02:32:07.214 - STREAM b'pHYs' 41 9
02:32:07.214 - STREAM b'IDAT' 62 4096
02:32:07.214 - Unable to convert image to sRGB as there is no color profile to transform from.
02:32:07.215 - STREAM b'IHDR' 16 13
02:32:07.215 - STREAM b'pHYs' 41 9
02:32:07.215 - STREAM b'IDAT' 62 4096
02:32:07.215 - Unable to convert image to sRGB as there is no color profile to transform from.
02:32:07.216 - STREAM b'IHDR' 16 13
02:32:07.216 - STREAM b'pHYs' 41 9
02:32:07.216 - STREAM b'IDAT' 62 4096
02:32:07.216 - Unable to convert image to sRGB as there is no color profile to transform from.
02:32:07.217 - STREAM b'IHDR' 16 13
02:32:07.217 - STREAM b'pHYs' 41 9
02:32:07.217 - STREAM b'IDAT' 62 4096
02:32:07.217 - Unable to convert image to sRGB as there is no color profile to transform from.
02:32:07.217 - STREAM b'IHDR' 16 13
02:32:07.217 - STREAM b'pHYs' 41 9
02:32:07.218 - STREAM b'IDAT' 62 4096
02:32:07.218 - Unable to convert image to sRGB as there is no color profile to transform from.
02:32:07.218 - STREAM b'IHDR' 16 13
02:32:07.218 - STREAM b'pHYs' 41 9
02:32:07.218 - STREAM b'IDAT' 62 4096
02:32:07.218 - Unable to convert image to sRGB as there is no color profile to transform from.
02:32:07.219 - STREAM b'IHDR' 16 13
02:32:07.219 - STREAM b'pHYs' 41 9
02:32:07.219 - STREAM b'IDAT' 62 4096
02:32:07.219 - Unable to convert image to sRGB as there is no color profile to transform from.
02:32:07.220 - STREAM b'IHDR' 16 13
02:32:07.220 - STREAM b'pHYs' 41 9
02:32:07.220 - STREAM b'IDAT' 62 4096
02:32:07.220 - Unable to convert image to sRGB as there is no color profile to transform from.
02:32:07.221 - STREAM b'IHDR' 16 13
02:32:07.221 - STREAM b'pHYs' 41 9
02:32:07.221 - STREAM b'IDAT' 62 4096
02:32:07.221 - Unable to convert image to sRGB as there is no color profile to transform from.
02:32:07.222 - STREAM b'IHDR' 16 13
02:32:07.222 - STREAM b'pHYs' 41 9
02:32:07.222 - STREAM b'IDAT' 62 4096
02:32:07.222 - Unable to convert image to sRGB as there is no color profile to transform from.
02:32:07.223 - STREAM b'IHDR' 16 13
02:32:07.223 - STREAM b'pHYs' 41 9
02:32:07.223 - STREAM b'IDAT' 62 4096
02:32:07.223 - Unable to convert image to sRGB as there is no color profile to transform from.
02:32:07.223 - STREAM b'IHDR' 16 13
02:32:07.223 - STREAM b'pHYs' 41 9
02:32:07.223 - STREAM b'IDAT' 62 4096
02:32:07.224 - Unable to convert image to sRGB as there is no color profile to transform from.
02:32:07.224 - STREAM b'IHDR' 16 13
02:32:07.224 - STREAM b'pHYs' 41 9
02:32:07.224 - STREAM b'IDAT' 62 4096
02:32:07.224 - Unable to convert image to sRGB as there is no color profile to transform from.
02:32:07.225 - STREAM b'IHDR' 16 13
02:32:07.225 - STREAM b'pHYs' 41 9
02:32:07.225 - STREAM b'IDAT' 62 4096
02:32:07.225 - Unable to convert image to sRGB as there is no color profile to transform from.
02:32:07.226 - STREAM b'IHDR' 16 13
02:32:07.226 - STREAM b'pHYs' 41 9
02:32:07.226 - STREAM b'IDAT' 62 4096
02:32:07.226 - Unable to convert image to sRGB as there is no color profile to transform from.
02:32:07.227 - STREAM b'IHDR' 16 13
02:32:07.227 - STREAM b'pHYs' 41 9
02:32:07.227 - STREAM b'IDAT' 62 4096
02:32:07.227 - Unable to convert image to sRGB as there is no color profile to transform from.
02:32:07.228 - STREAM b'IHDR' 16 13
02:32:07.228 - STREAM b'pHYs' 41 9
02:32:07.228 - STREAM b'IDAT' 62 4096
02:32:07.228 - Unable to convert image to sRGB as there is no color profile to transform from.
02:32:07.229 - STREAM b'IHDR' 16 13
02:32:07.229 - STREAM b'pHYs' 41 9
02:32:07.229 - STREAM b'IDAT' 62 4096
02:32:07.229 - Unable to convert image to sRGB as there is no color profile to transform from.
02:32:07.229 - STREAM b'IHDR' 16 13
02:32:07.229 - STREAM b'pHYs' 41 9
02:32:07.229 - STREAM b'IDAT' 62 4096
02:32:07.229 - Unable to convert image to sRGB as there is no color profile to transform from.
02:32:07.230 - STREAM b'IHDR' 16 13
02:32:07.230 - STREAM b'pHYs' 41 9
02:32:07.230 - STREAM b'IDAT' 62 4096
02:32:07.230 - Unable to convert image to sRGB as there is no color profile to transform from.
02:32:07.231 - STREAM b'IHDR' 16 13
02:32:07.231 - STREAM b'pHYs' 41 9
02:32:07.231 - STREAM b'IDAT' 62 4096
02:32:07.231 - Unable to convert image to sRGB as there is no color profile to transform from.
02:32:07.232 - STREAM b'IHDR' 16 13
02:32:07.232 - STREAM b'pHYs' 41 9
02:32:07.232 - STREAM b'IDAT' 62 4096
02:32:07.232 - Unable to convert image to sRGB as there is no color profile to transform from.
02:32:07.233 - STREAM b'IHDR' 16 13
02:32:07.233 - STREAM b'pHYs' 41 9
02:32:07.233 - STREAM b'IDAT' 62 4096
02:32:07.233 - Unable to convert image to sRGB as there is no color profile to transform from.
02:32:07.234 - STREAM b'IHDR' 16 13
02:32:07.234 - STREAM b'pHYs' 41 9
02:32:07.234 - STREAM b'IDAT' 62 4096
02:32:07.234 - Unable to convert image to sRGB as there is no color profile to transform from.
02:32:07.234 - STREAM b'IHDR' 16 13
02:32:07.235 - STREAM b'pHYs' 41 9
02:32:07.235 - STREAM b'IDAT' 62 4096
02:32:07.235 - Unable to convert image to sRGB as there is no color profile to transform from.
02:32:07.235 - STREAM b'IHDR' 16 13
02:32:07.235 - STREAM b'pHYs' 41 9
02:32:07.235 - STREAM b'IDAT' 62 4096
02:32:07.235 - Unable to convert image to sRGB as there is no color profile to transform from.
02:32:07.236 - STREAM b'IHDR' 16 13
02:32:07.236 - STREAM b'pHYs' 41 9
02:32:07.236 - STREAM b'IDAT' 62 4096
02:32:07.236 - Unable to convert image to sRGB as there is no color profile to transform from.
02:32:07.237 - STREAM b'IHDR' 16 13
02:32:07.237 - STREAM b'pHYs' 41 9
02:32:07.237 - STREAM b'IDAT' 62 4096
02:32:07.237 - Unable to convert image to sRGB as there is no color profile to transform from.
02:32:07.238 - STREAM b'IHDR' 16 13
02:32:07.238 - STREAM b'pHYs' 41 9
02:32:07.238 - STREAM b'IDAT' 62 4096
02:32:07.238 - Unable to convert image to sRGB as there is no color profile to transform from.
02:32:07.239 - STREAM b'IHDR' 16 13
02:32:07.239 - STREAM b'pHYs' 41 9
02:32:07.239 - STREAM b'IDAT' 62 4096
02:32:07.239 - Unable to convert image to sRGB as there is no color profile to transform from.
02:32:07.240 - STREAM b'IHDR' 16 13
02:32:07.240 - STREAM b'pHYs' 41 9
02:32:07.240 - STREAM b'IDAT' 62 4096
02:32:07.240 - Unable to convert image to sRGB as there is no color profile to transform from.
02:32:07.240 - STREAM b'IHDR' 16 13
02:32:07.240 - STREAM b'pHYs' 41 9
02:32:07.241 - STREAM b'IDAT' 62 4096
02:32:07.241 - Unable to convert image to sRGB as there is no color profile to transform from.
02:32:07.241 - STREAM b'IHDR' 16 13
02:32:07.241 - STREAM b'pHYs' 41 9
02:32:07.241 - STREAM b'IDAT' 62 4096
02:32:07.241 - Unable to convert image to sRGB as there is no color profile to transform from.
02:32:07.242 - STREAM b'IHDR' 16 13
02:32:07.242 - STREAM b'pHYs' 41 9
02:32:07.242 - STREAM b'IDAT' 62 4096
02:32:07.242 - Unable to convert image to sRGB as there is no color profile to transform from.
02:32:07.243 - STREAM b'IHDR' 16 13
02:32:07.243 - STREAM b'pHYs' 41 9
02:32:07.243 - STREAM b'IDAT' 62 4096
02:32:07.243 - Unable to convert image to sRGB as there is no color profile to transform from.
02:32:07.244 - STREAM b'IHDR' 16 13
02:32:07.244 - STREAM b'pHYs' 41 9
02:32:07.244 - STREAM b'IDAT' 62 4096
02:32:07.244 - Unable to convert image to sRGB as there is no color profile to transform from.
02:32:07.245 - STREAM b'IHDR' 16 13
02:32:07.245 - STREAM b'pHYs' 41 9
02:32:07.245 - STREAM b'IDAT' 62 4096
02:32:07.245 - Unable to convert image to sRGB as there is no color profile to transform from.
02:32:07.246 - STREAM b'IHDR' 16 13
02:32:07.246 - STREAM b'pHYs' 41 9
02:32:07.246 - STREAM b'IDAT' 62 4096
02:32:07.246 - Unable to convert image to sRGB as there is no color profile to transform from.
02:32:07.246 - STREAM b'IHDR' 16 13
02:32:07.246 - STREAM b'pHYs' 41 9
02:32:07.246 - STREAM b'IDAT' 62 4096
02:32:07.246 - Unable to convert image to sRGB as there is no color profile to transform from.
02:32:07.247 - STREAM b'IHDR' 16 13
02:32:07.247 - STREAM b'pHYs' 41 9
02:32:07.247 - STREAM b'IDAT' 62 4096
02:32:07.247 - Unable to convert image to sRGB as there is no color profile to transform from.
02:32:07.248 - STREAM b'IHDR' 16 13
02:32:07.248 - STREAM b'pHYs' 41 9
02:32:07.248 - STREAM b'IDAT' 62 4096
02:32:07.248 - Unable to convert image to sRGB as there is no color profile to transform from.
02:32:07.249 - STREAM b'IHDR' 16 13
02:32:07.249 - STREAM b'pHYs' 41 9
02:32:07.249 - STREAM b'IDAT' 62 4096
02:32:07.249 - Unable to convert image to sRGB as there is no color profile to transform from.
02:32:07.250 - STREAM b'IHDR' 16 13
02:32:07.250 - STREAM b'pHYs' 41 9
02:32:07.250 - STREAM b'IDAT' 62 4096
02:32:07.250 - Unable to convert image to sRGB as there is no color profile to transform from.
02:32:07.251 - STREAM b'IHDR' 16 13
02:32:07.251 - STREAM b'pHYs' 41 9
02:32:07.251 - STREAM b'IDAT' 62 4096
02:32:07.251 - Unable to convert image to sRGB as there is no color profile to transform from.
02:32:07.251 - STREAM b'IHDR' 16 13
02:32:07.252 - STREAM b'pHYs' 41 9
02:32:07.252 - STREAM b'IDAT' 62 4096
02:32:07.252 - Unable to convert image to sRGB as there is no color profile to transform from.
02:32:07.252 - STREAM b'IHDR' 16 13
02:32:07.252 - STREAM b'pHYs' 41 9
02:32:07.252 - STREAM b'IDAT' 62 4096
02:32:07.252 - Unable to convert image to sRGB as there is no color profile to transform from.
02:32:07.253 - STREAM b'IHDR' 16 13
02:32:07.253 - STREAM b'pHYs' 41 9
02:32:07.253 - STREAM b'IDAT' 62 4096
02:32:07.253 - Unable to convert image to sRGB as there is no color profile to transform from.
02:32:07.254 - STREAM b'IHDR' 16 13
02:32:07.254 - STREAM b'pHYs' 41 9
02:32:07.254 - STREAM b'IDAT' 62 4096
02:32:07.254 - Unable to convert image to sRGB as there is no color profile to transform from.
02:32:07.255 - STREAM b'IHDR' 16 13
02:32:07.255 - STREAM b'pHYs' 41 9
02:32:07.255 - STREAM b'IDAT' 62 4096
02:32:07.255 - Unable to convert image to sRGB as there is no color profile to transform from.
02:32:07.256 - STREAM b'IHDR' 16 13
02:32:07.256 - STREAM b'pHYs' 41 9
02:32:07.256 - STREAM b'IDAT' 62 4096
02:32:07.256 - Unable to convert image to sRGB as there is no color profile to transform from.
02:32:07.257 - STREAM b'IHDR' 16 13
02:32:07.257 - STREAM b'pHYs' 41 9
02:32:07.257 - STREAM b'IDAT' 62 4096
02:32:07.257 - Unable to convert image to sRGB as there is no color profile to transform from.
02:32:07.257 - STREAM b'IHDR' 16 13
02:32:07.257 - STREAM b'pHYs' 41 9
02:32:07.258 - STREAM b'IDAT' 62 4096
02:32:07.258 - Unable to convert image to sRGB as there is no color profile to transform from.
02:32:07.258 - STREAM b'IHDR' 16 13
02:32:07.258 - STREAM b'pHYs' 41 9
02:32:07.258 - STREAM b'IDAT' 62 4096
02:32:07.258 - Unable to convert image to sRGB as there is no color profile to transform from.
02:32:07.259 - STREAM b'IHDR' 16 13
02:32:07.259 - STREAM b'pHYs' 41 9
02:32:07.259 - STREAM b'IDAT' 62 4096
02:32:07.259 - Unable to convert image to sRGB as there is no color profile to transform from.
02:32:07.260 - STREAM b'IHDR' 16 13
02:32:07.260 - STREAM b'pHYs' 41 9
02:32:07.260 - STREAM b'IDAT' 62 4096
02:32:07.260 - Unable to convert image to sRGB as there is no color profile to transform from.
02:32:07.261 - STREAM b'IHDR' 16 13
02:32:07.261 - STREAM b'pHYs' 41 9
02:32:07.261 - STREAM b'IDAT' 62 4096
02:32:07.261 - Unable to convert image to sRGB as there is no color profile to transform from.
02:32:07.262 - STREAM b'IHDR' 16 13
02:32:07.262 - STREAM b'pHYs' 41 9
02:32:07.262 - STREAM b'IDAT' 62 4096
02:32:07.262 - Unable to convert image to sRGB as there is no color profile to transform from.
02:32:07.263 - STREAM b'IHDR' 16 13
02:32:07.263 - STREAM b'pHYs' 41 9
02:32:07.263 - STREAM b'IDAT' 62 4096
02:32:07.263 - Unable to convert image to sRGB as there is no color profile to transform from.
02:32:07.263 - STREAM b'IHDR' 16 13
02:32:07.263 - STREAM b'pHYs' 41 9
02:32:07.263 - STREAM b'IDAT' 62 4096
02:32:07.264 - Unable to convert image to sRGB as there is no color profile to transform from.
02:32:07.264 - STREAM b'IHDR' 16 13
02:32:07.264 - STREAM b'pHYs' 41 9
02:32:07.264 - STREAM b'IDAT' 62 4096
02:32:07.264 - Unable to convert image to sRGB as there is no color profile to transform from.
02:32:07.265 - STREAM b'IHDR' 16 13
02:32:07.265 - STREAM b'pHYs' 41 9
02:32:07.265 - STREAM b'IDAT' 62 4096
02:32:07.265 - Unable to convert image to sRGB as there is no color profile to transform from.
02:32:07.266 - STREAM b'IHDR' 16 13
02:32:07.266 - STREAM b'pHYs' 41 9
02:32:07.266 - STREAM b'IDAT' 62 4096
02:32:07.266 - Unable to convert image to sRGB as there is no color profile to transform from.
02:32:07.267 - STREAM b'IHDR' 16 13
02:32:07.267 - STREAM b'pHYs' 41 9
02:32:07.267 - STREAM b'IDAT' 62 4096
02:32:07.267 - Unable to convert image to sRGB as there is no color profile to transform from.
02:32:07.268 - STREAM b'IHDR' 16 13
02:32:07.268 - STREAM b'pHYs' 41 9
02:32:07.268 - STREAM b'IDAT' 62 4096
02:32:07.268 - Unable to convert image to sRGB as there is no color profile to transform from.
02:32:07.269 - STREAM b'IHDR' 16 13
02:32:07.269 - STREAM b'pHYs' 41 9
02:32:07.269 - STREAM b'IDAT' 62 4096
02:32:07.269 - Unable to convert image to sRGB as there is no color profile to transform from.
02:32:07.269 - Done converting video frames to JPEG
